turbine_id,line_id,section_id,diameter,length,thickness,mass,cost_rate
  40, F, chain_bottom   ,  0.074, 32.812,    0.0,  3.594, 9289.369
  12, C, chain_top      ,  0.074, 137.724,    0.0, 15.084, 38991.068
  11, D, chain_top      ,  0.074, 138.302,    0.0, 15.147, 39154.489
  11, C, chain_top      ,  0.074, 138.302,    0.0, 15.147, 39154.489
   3, E, chain_top      ,  0.074, 138.849,    0.0, 15.207, 39309.340
  10, D, chain_top      ,  0.074, 137.987,    0.0, 15.112, 39065.411
   9, D, chain_top      ,  0.074, 136.387,    0.0, 14.937, 38612.320
   9, C, chain_bottom   ,  0.074, 41.463,    0.0,  4.541, 11738.422
   9, C, chain_top      ,  0.074, 136.353,    0.0, 14.933, 38602.811
   7, F, chain_bottom   ,  0.074, 32.611,    0.0,  3.572, 9232.373
   5, E, chain_bottom   ,  0.074, 43.340,    0.0,  4.747, 12269.880
   5, F, chain_bottom   ,  0.074, 43.396,    0.0,  4.753, 12285.717
   6, E, chain_top      ,  0.074, 135.972,    0.0, 14.892, 38495.001
   6, F, chain_top      ,  0.074, 135.934,    0.0, 14.887, 38484.186
   4, F, chain_bottom   ,  0.074, 46.498,    0.0,  5.092, 13163.990
   3, F, chain_top      ,  0.074, 138.845,    0.0, 15.206, 39308.233
   4, E, chain_bottom   ,  0.074, 46.561,    0.0,  5.099, 13181.764
   9, D, chain_bottom   ,  0.074, 41.533,    0.0,  4.549, 11758.350
  13, C, chain_top      ,  0.074, 136.778,    0.0, 14.980, 38723.119
  38, E, chain_top      ,  0.074, 136.085,    0.0, 14.904, 38526.925
  38, F, chain_top      ,  0.074, 136.043,    0.0, 14.899, 38514.898
  28, C, chain_bottom   ,  0.074, 45.285,    0.0,  4.960, 12820.497
  28, D, chain_bottom   ,  0.074, 45.328,    0.0,  4.964, 12832.906
  39, E, chain_top      ,  0.074, 134.488,    0.0, 14.729, 38074.700
  39, F, chain_top      ,  0.074, 134.437,    0.0, 14.723, 38060.219
   5, E, chain_top      ,  0.074, 137.265,    0.0, 15.033, 38860.869
  29, C, chain_bottom   ,  0.074, 42.930,    0.0,  4.702, 12153.857
  20, E, chain_top      ,  0.074, 137.963,    0.0, 15.110, 39058.576
  23, F, chain_top      ,  0.074, 134.004,    0.0, 14.676, 37937.773
   7, E, chain_bottom   ,  0.074, 32.733,    0.0,  3.585, 9267.060
  10, C, chain_bottom   ,  0.074, 44.758,    0.0,  4.902, 12671.310
  14, C, chain_top      ,  0.074, 135.358,    0.0, 14.824, 38321.089
  13, D, chain_top      ,  0.074, 136.779,    0.0, 14.980, 38723.378
  40, E, chain_top      ,  0.074, 132.610,    0.0, 14.523, 37542.974
  10, D, chain_bottom   ,  0.074, 44.781,    0.0,  4.904, 12677.787
   6, E, chain_bottom   ,  0.074, 40.658,    0.0,  4.453, 11510.578
   4, F, chain_top      ,  0.074, 138.875,    0.0, 15.210, 39316.887
  15, C, chain_top      ,  0.074, 133.306,    0.0, 14.600, 37740.262
  18, E, chain_top      ,  0.074, 137.716,    0.0, 15.083, 38988.739
   2, E, chain_top      ,  0.074, 137.813,    0.0, 15.093, 39016.203
   2, F, chain_top      ,  0.074, 137.850,    0.0, 15.097, 39026.554
  13, C, chain_bottom   ,  0.074, 42.346,    0.0,  4.638, 11988.590
   5, F, chain_top      ,  0.074, 137.292,    0.0, 15.036, 38868.703
   1, F, chain_bottom   ,  0.074, 39.703,    0.0,  4.348, 11240.343
   2, F, chain_bottom   ,  0.074, 44.510,    0.0,  4.875, 12601.175
  11, C, chain_bottom   ,  0.074, 45.396,    0.0,  4.972, 12851.896
  12, D, chain_bottom   ,  0.074, 44.262,    0.0,  4.848, 12530.962
  11, D, chain_bottom   ,  0.074, 45.396,    0.0,  4.972, 12851.898
   2, E, chain_bottom   ,  0.074, 44.438,    0.0,  4.867, 12580.697
  12, C, chain_bottom   ,  0.074, 44.262,    0.0,  4.848, 12530.852
  17, E, chain_top      ,  0.074, 136.539,    0.0, 14.954, 38655.465
  17, F, chain_top      ,  0.074, 136.567,    0.0, 14.957, 38663.242
  13, D, chain_bottom   ,  0.074, 42.348,    0.0,  4.638, 11989.124
  18, F, chain_top      ,  0.074, 137.762,    0.0, 15.088, 39001.814
   1, E, chain_bottom   ,  0.074, 39.512,    0.0,  4.327, 11186.249
   4, E, chain_top      ,  0.074, 138.908,    0.0, 15.213, 39326.243
   7, E, chain_top      ,  0.074, 132.516,    0.0, 14.513, 37516.362
   7, F, chain_top      ,  0.074, 132.466,    0.0, 14.508, 37502.331
   3, F, chain_bottom   ,  0.074, 46.440,    0.0,  5.086, 13147.530
   3, E, chain_bottom   ,  0.074, 46.447,    0.0,  5.087, 13149.636
   6, F, chain_bottom   ,  0.074, 40.576,    0.0,  4.444, 11487.527
  14, D, chain_top      ,  0.074, 135.357,    0.0, 14.824, 38320.696
  12, D, chain_top      ,  0.074, 137.725,    0.0, 15.084, 38991.123
  15, D, chain_top      ,  0.074, 133.329,    0.0, 14.602, 37746.582
  19, F, chain_top      ,  0.074, 138.363,    0.0, 15.154, 39171.903
  14, D, chain_bottom   ,  0.074, 39.330,    0.0,  4.307, 11134.633
  14, C, chain_bottom   ,  0.074, 39.333,    0.0,  4.308, 11135.490
  19, E, chain_top      ,  0.074, 138.370,    0.0, 15.154, 39173.685
   1, E, chain_top      ,  0.074, 135.440,    0.0, 14.833, 38344.368
   1, F, chain_top      ,  0.074, 135.528,    0.0, 14.843, 38369.264
  27, D, chain_bottom   ,  0.074, 46.727,    0.0,  5.118, 13228.921
  27, C, chain_bottom   ,  0.074, 46.685,    0.0,  5.113, 13216.838
  10, C, chain_top      ,  0.074, 137.975,    0.0, 15.111, 39062.118
  37, E, chain_top      ,  0.074, 137.674,    0.0, 15.078, 38976.723
  27, D, chain_top      ,  0.074, 138.996,    0.0, 15.223, 39351.121
  19, F, chain_bottom   ,  0.074, 45.515,    0.0,  4.985, 12885.691
  15, D, chain_bottom   ,  0.074, 34.705,    0.0,  3.801, 9825.343
  20, F, chain_top      ,  0.074, 137.946,    0.0, 15.108, 39053.699
  21, E, chain_top      ,  0.074, 137.178,    0.0, 15.024, 38836.457
  21, F, chain_top      ,  0.074, 137.156,    0.0, 15.021, 38830.047
  34, E, chain_top      ,  0.074, 139.626,    0.0, 15.292, 39529.280
  22, E, chain_top      ,  0.074, 135.937,    0.0, 14.888, 38484.992
  23, E, chain_top      ,  0.074, 134.065,    0.0, 14.683, 37954.980
  17, E, chain_bottom   ,  0.074, 41.851,    0.0,  4.584, 11848.434
  17, F, chain_bottom   ,  0.074, 41.908,    0.0,  4.590, 11864.615
  34, F, chain_bottom   ,  0.074, 47.940,    0.0,  5.250, 13572.292
  18, E, chain_bottom   ,  0.074, 44.245,    0.0,  4.846, 12526.226
  18, F, chain_bottom   ,  0.074, 44.337,    0.0,  4.856, 12552.183
  22, F, chain_top      ,  0.074, 135.889,    0.0, 14.883, 38471.538
  28, C, chain_top      ,  0.074, 138.245,    0.0, 15.141, 39138.344
  23, F, chain_bottom   ,  0.074, 36.290,    0.0,  3.974, 10274.038
  23, E, chain_bottom   ,  0.074, 36.430,    0.0,  3.990, 10313.780
  28, D, chain_top      ,  0.074, 138.267,    0.0, 15.143, 39144.720
  20, E, chain_bottom   ,  0.074, 44.733,    0.0,  4.899, 12664.339
  20, F, chain_bottom   ,  0.074, 44.699,    0.0,  4.895, 12654.737
  29, C, chain_top      ,  0.074, 137.063,    0.0, 15.011, 38803.730
  29, D, chain_top      ,  0.074, 137.079,    0.0, 15.013, 38808.440
  30, C, chain_top      ,  0.074, 135.577,    0.0, 14.848, 38383.142
  30, D, chain_top      ,  0.074, 135.577,    0.0, 14.848, 38383.226
  21, E, chain_bottom   ,  0.074, 43.165,    0.0,  4.727, 12220.425
  21, F, chain_bottom   ,  0.074, 43.119,    0.0,  4.722, 12207.410
  37, F, chain_top      ,  0.074, 137.640,    0.0, 15.074, 38967.028
  31, D, chain_top      ,  0.074, 133.875,    0.0, 14.662, 37901.136
  22, E, chain_bottom   ,  0.074, 40.582,    0.0,  4.445, 11489.246
  22, F, chain_bottom   ,  0.074, 40.481,    0.0,  4.433, 11460.521
  33, E, chain_top      ,  0.074, 139.498,    0.0, 15.278, 39493.171
  33, F, chain_top      ,  0.074, 139.526,    0.0, 15.281, 39501.232
  25, C, chain_top      ,  0.074, 138.780,    0.0, 15.199, 39289.825
  25, D, chain_top      ,  0.074, 138.825,    0.0, 15.204, 39302.691
  31, C, chain_top      ,  0.074, 133.863,    0.0, 14.661, 37897.919
  26, D, chain_top      ,  0.074, 139.183,    0.0, 15.243, 39404.036
  33, F, chain_bottom   ,  0.074, 47.721,    0.0,  5.226, 13510.189
  35, F, chain_bottom   ,  0.074, 47.614,    0.0,  5.215, 13479.929
  35, E, chain_bottom   ,  0.074, 47.619,    0.0,  5.215, 13481.480
  34, E, chain_bottom   ,  0.074, 47.904,    0.0,  5.246, 13562.132
  30, C, chain_bottom   ,  0.074, 39.809,    0.0,  4.360, 11270.413
  35, E, chain_top      ,  0.074, 139.472,    0.0, 15.275, 39485.774
  33, E, chain_bottom   ,  0.074, 47.668,    0.0,  5.221, 13495.225
  40, F, chain_top      ,  0.074, 132.547,    0.0, 14.517, 37525.403
  25, C, chain_bottom   ,  0.074, 46.316,    0.0,  5.073, 13112.453
  36, E, chain_top      ,  0.074, 138.843,    0.0, 15.206, 39307.703
  36, F, chain_top      ,  0.074, 138.823,    0.0, 15.204, 39302.187
  26, C, chain_bottom   ,  0.074, 47.023,    0.0,  5.150, 13312.579
  26, D, chain_bottom   ,  0.074, 47.080,    0.0,  5.156, 13328.705
  26, C, chain_top      ,  0.074, 139.153,    0.0, 15.240, 39395.460
  29, D, chain_bottom   ,  0.074, 42.964,    0.0,  4.705, 12163.456
  36, E, chain_bottom   ,  0.074, 46.436,    0.0,  5.086, 13146.520
  25, D, chain_bottom   ,  0.074, 46.403,    0.0,  5.082, 13136.979
  37, E, chain_bottom   ,  0.074, 44.161,    0.0,  4.836, 12502.329
  19, E, chain_bottom   ,  0.074, 45.527,    0.0,  4.986, 12889.142
  36, F, chain_bottom   ,  0.074, 46.399,    0.0,  5.082, 13136.018
  27, C, chain_top      ,  0.074, 138.974,    0.0, 15.220, 39344.739
  15, C, chain_bottom   ,  0.074, 34.652,    0.0,  3.795, 9810.284
  35, F, chain_top      ,  0.074, 139.469,    0.0, 15.275, 39484.939
  30, D, chain_bottom   ,  0.074, 39.810,    0.0,  4.360, 11270.593
  40, E, chain_bottom   ,  0.074, 32.965,    0.0,  3.610, 9332.633
  34, F, chain_top      ,  0.074, 139.645,    0.0, 15.294, 39534.779
  39, E, chain_bottom   ,  0.074, 37.397,    0.0,  4.096, 10587.443
  37, F, chain_bottom   ,  0.074, 44.093,    0.0,  4.829, 12483.019
  31, C, chain_bottom   ,  0.074, 35.963,    0.0,  3.939, 10181.589
  31, D, chain_bottom   ,  0.074, 35.990,    0.0,  3.942, 10189.072
  38, F, chain_bottom   ,  0.074, 40.807,    0.0,  4.469, 11552.892
  39, F, chain_bottom   ,  0.074, 37.281,    0.0,  4.083, 10554.604
  38, E, chain_bottom   ,  0.074, 40.897,    0.0,  4.479, 11578.412
  20, A, chain_bottom   ,  0.086, 45.141,    0.0,  6.677, 17260.531
  17, A, chain_bottom   ,  0.086, 44.438,    0.0,  6.573, 16992.003
  20, B, chain_bottom   ,  0.086, 45.201,    0.0,  6.686, 17283.461
  22, B, chain_bottom   ,  0.086, 40.578,    0.0,  6.002, 15516.010
  22, A, chain_bottom   ,  0.086, 40.475,    0.0,  5.987, 15476.515
  23, A, chain_bottom   ,  0.086, 36.637,    0.0,  5.419, 14008.869
  19, B, chain_bottom   ,  0.086, 46.263,    0.0,  6.843, 17689.642
  23, B, chain_bottom   ,  0.086, 36.771,    0.0,  5.439, 14060.091
  24, A, chain_bottom   ,  0.086, 32.053,    0.0,  4.741, 12256.396
  21, B, chain_bottom   ,  0.086, 43.380,    0.0,  6.417, 16587.193
  19, A, chain_bottom   ,  0.086, 46.233,    0.0,  6.839, 17678.306
   8, E, chain_top      ,  0.086, 129.191,    0.0, 19.110, 49399.242
  35, A, chain_bottom   ,  0.086, 48.812,    0.0,  7.220, 18664.213
  17, B, chain_bottom   ,  0.086, 44.470,    0.0,  6.578, 17004.235
  18, A, chain_bottom   ,  0.086, 45.794,    0.0,  6.774, 17510.524
   1, A, chain_bottom   ,  0.086, 40.018,    0.0,  5.919, 15301.893
  35, B, chain_bottom   ,  0.086, 48.877,    0.0,  7.230, 18689.217
  33, B, chain_top      ,  0.086, 140.559,    0.0, 20.791, 53745.947
  34, A, chain_top      ,  0.086, 140.493,    0.0, 20.782, 53720.743
  34, B, chain_top      ,  0.086, 140.519,    0.0, 20.786, 53730.805
   8, F, chain_top      ,  0.086, 129.109,    0.0, 19.098, 49367.658
  21, A, chain_bottom   ,  0.086, 43.313,    0.0,  6.407, 16561.754
  35, A, chain_top      ,  0.086, 140.121,    0.0, 20.727, 53578.458
  18, B, chain_bottom   ,  0.086, 45.782,    0.0,  6.772, 17505.951
  24, E, chain_bottom   ,  0.086, 30.874,    0.0,  4.567, 11805.307
   5, A, chain_bottom   ,  0.086, 42.856,    0.0,  6.339, 16387.116
   8, F, chain_bottom   ,  0.086, 23.614,    0.0,  3.493, 9029.252
  35, B, chain_top      ,  0.086, 140.157,    0.0, 20.732, 53592.242
  34, A, chain_bottom   ,  0.086, 49.482,    0.0,  7.319, 18920.749
  32, D, chain_bottom   ,  0.086, 31.061,    0.0,  4.595, 11876.991
  32, C, chain_bottom   ,  0.086, 31.038,    0.0,  4.591, 11868.191
  34, B, chain_bottom   ,  0.086, 49.530,    0.0,  7.326, 18938.760
  33, A, chain_bottom   ,  0.086, 49.566,    0.0,  7.332, 18952.574
  33, B, chain_bottom   ,  0.086, 49.600,    0.0,  7.337, 18965.830
   1, A, chain_top      ,  0.086, 135.674,    0.0, 20.069, 51878.033
  24, F, chain_bottom   ,  0.086, 30.731,    0.0,  4.546, 11750.702
   8, E, chain_bottom   ,  0.086, 23.853,    0.0,  3.528, 9120.777
   7, B, chain_bottom   ,  0.086, 35.618,    0.0,  5.269, 13619.384
   7, A, chain_bottom   ,  0.086, 35.400,    0.0,  5.236, 13536.062
   6, B, chain_bottom   ,  0.086, 41.178,    0.0,  6.091, 15745.540
   6, A, chain_bottom   ,  0.086, 41.071,    0.0,  6.075, 15704.479
   5, B, chain_bottom   ,  0.086, 42.869,    0.0,  6.341, 16392.131
   4, B, chain_bottom   ,  0.086, 44.870,    0.0,  6.637, 17156.913
  16, C, chain_bottom   ,  0.086, 27.833,    0.0,  4.117, 10642.691
   4, A, chain_bottom   ,  0.086, 44.858,    0.0,  6.635, 17152.590
   3, B, chain_bottom   ,  0.086, 45.747,    0.0,  6.767, 17492.611
   3, A, chain_bottom   ,  0.086, 45.742,    0.0,  6.766, 17490.524
   2, B, chain_bottom   ,  0.086, 43.968,    0.0,  6.504, 16812.101
   2, A, chain_bottom   ,  0.086, 44.058,    0.0,  6.517, 16846.639
   1, B, chain_bottom   ,  0.086, 39.946,    0.0,  5.909, 15274.401
  16, D, chain_bottom   ,  0.086, 27.904,    0.0,  4.128, 10669.651
  20, A, chain_top      ,  0.086, 138.171,    0.0, 20.438, 52832.807
  21, B, chain_top      ,  0.086, 137.284,    0.0, 20.307, 52493.837
  32, D, chain_top      ,  0.086, 131.849,    0.0, 19.503, 50415.382
  38, B, chain_top      ,  0.086, 136.551,    0.0, 20.199, 52213.408
  20, B, chain_top      ,  0.086, 138.202,    0.0, 20.443, 52844.557
  36, B, chain_bottom   ,  0.086, 47.555,    0.0,  7.034, 18183.665
  36, A, chain_bottom   ,  0.086, 47.470,    0.0,  7.022, 18151.159
  37, A, chain_bottom   ,  0.086, 44.940,    0.0,  6.647, 17183.665
   3, B, chain_top      ,  0.086, 138.483,    0.0, 20.484, 52952.377
   4, A, chain_top      ,  0.086, 138.027,    0.0, 20.417, 52777.678
  40, A, chain_bottom   ,  0.086, 33.570,    0.0,  4.966, 12836.222
   2, B, chain_top      ,  0.086, 137.577,    0.0, 20.350, 52605.766
  39, B, chain_bottom   ,  0.086, 38.148,    0.0,  5.643, 14586.899
   1, B, chain_top      ,  0.086, 135.640,    0.0, 20.064, 51865.290
  39, A, chain_bottom   ,  0.086, 38.006,    0.0,  5.622, 14532.439
   3, A, chain_top      ,  0.086, 138.481,    0.0, 20.484, 52951.295
  40, A, chain_top      ,  0.086, 132.857,    0.0, 19.652, 50800.943
  37, B, chain_bottom   ,  0.086, 45.048,    0.0,  6.664, 17225.184
   2, A, chain_top      ,  0.086, 137.622,    0.0, 20.357, 52623.068
   5, A, chain_top      ,  0.086, 137.027,    0.0, 20.269, 52395.336
  38, A, chain_bottom   ,  0.086, 41.756,    0.0,  6.177, 15966.521
  38, B, chain_bottom   ,  0.086, 41.876,    0.0,  6.194, 16012.170
   5, B, chain_top      ,  0.086, 137.033,    0.0, 20.270, 52397.793
  39, B, chain_top      ,  0.086, 134.822,    0.0, 19.943, 51552.199
  39, A, chain_top      ,  0.086, 134.758,    0.0, 19.933, 51527.849
  36, A, chain_top      ,  0.086, 139.392,    0.0, 20.619, 53299.584
  16, D, chain_top      ,  0.086, 130.643,    0.0, 19.325, 49954.257
  17, A, chain_top      ,  0.086, 137.814,    0.0, 20.385, 52696.225
   4, B, chain_top      ,  0.086, 138.032,    0.0, 20.418, 52779.881
  24, F, chain_top      ,  0.086, 131.719,    0.0, 19.484, 50365.915
  36, B, chain_top      ,  0.086, 139.437,    0.0, 20.626, 53317.031
  17, B, chain_top      ,  0.086, 137.830,    0.0, 20.388, 52702.406
   7, B, chain_top      ,  0.086, 133.715,    0.0, 19.779, 51129.135
   7, A, chain_top      ,  0.086, 133.622,    0.0, 19.765, 51093.626
  37, A, chain_top      ,  0.086, 138.068,    0.0, 20.423, 52793.518
  37, B, chain_top      ,  0.086, 138.123,    0.0, 20.431, 52814.720
   6, B, chain_top      ,  0.086, 136.218,    0.0, 20.149, 52086.111
  38, A, chain_top      ,  0.086, 136.494,    0.0, 20.190, 52191.492
  32, C, chain_top      ,  0.086, 131.840,    0.0, 19.502, 50411.926
   6, A, chain_top      ,  0.086, 136.167,    0.0, 20.142, 52066.658
  23, B, chain_top      ,  0.086, 134.213,    0.0, 19.853, 51319.365
  21, A, chain_top      ,  0.086, 137.251,    0.0, 20.302, 52481.258
  33, A, chain_top      ,  0.086, 140.539,    0.0, 20.789, 53738.529
  24, A, chain_top      ,  0.086, 132.242,    0.0, 19.561, 50565.784
  19, B, chain_top      ,  0.086, 138.752,    0.0, 20.524, 53055.018
  19, A, chain_top      ,  0.086, 138.736,    0.0, 20.522, 53049.084
  22, A, chain_top      ,  0.086, 135.887,    0.0, 20.100, 51959.384
  22, B, chain_top      ,  0.086, 135.935,    0.0, 20.107, 51977.882
  23, A, chain_top      ,  0.086, 134.154,    0.0, 19.844, 51297.045
  18, B, chain_top      ,  0.086, 138.502,    0.0, 20.487, 52959.293
  16, C, chain_top      ,  0.086, 130.617,    0.0, 19.321, 49944.254
  18, A, chain_top      ,  0.086, 138.508,    0.0, 20.488, 52961.665
  24, E, chain_top      ,  0.086, 131.775,    0.0, 19.492, 50387.267
  31, B, chain_top      ,  0.098, 135.059,    0.0, 25.942, 67060.358
  38, D, chain_top      ,  0.098, 137.441,    0.0, 26.400, 68243.321
  28, A, chain_bottom   ,  0.098, 45.973,    0.0,  8.831, 22826.974
  28, B, chain_bottom   ,  0.098, 45.927,    0.0,  8.822, 22804.218
  29, A, chain_bottom   ,  0.098, 44.530,    0.0,  8.553, 22110.489
  28, F, chain_bottom   ,  0.098, 46.909,    0.0,  9.010, 23291.736
  39, C, chain_top      ,  0.098, 135.862,    0.0, 26.096, 67459.111
  39, D, chain_top      ,  0.098, 135.843,    0.0, 26.093, 67449.610
  38, C, chain_top      ,  0.098, 137.460,    0.0, 26.403, 68252.333
  28, E, chain_bottom   ,  0.098, 46.899,    0.0,  9.008, 23286.495
  27, E, chain_bottom   ,  0.098, 47.665,    0.0,  9.155, 23666.808
  27, F, chain_bottom   ,  0.098, 47.630,    0.0,  9.149, 23649.564
  27, A, chain_bottom   ,  0.098, 46.511,    0.0,  8.934, 23094.136
  37, D, chain_top      ,  0.098, 138.811,    0.0, 26.663, 68923.402
  37, C, chain_top      ,  0.098, 138.835,    0.0, 26.667, 68935.465
  26, F, chain_bottom   ,  0.098, 47.545,    0.0,  9.133, 23607.613
  26, E, chain_bottom   ,  0.098, 47.596,    0.0,  9.142, 23632.914
  26, B, chain_bottom   ,  0.098, 45.390,    0.0,  8.719, 22537.329
  26, A, chain_bottom   ,  0.098, 45.398,    0.0,  8.720, 22541.304
  36, D, chain_top      ,  0.098, 139.643,    0.0, 26.823, 69336.620
  36, C, chain_top      ,  0.098, 139.669,    0.0, 26.828, 69349.487
  25, F, chain_bottom   ,  0.098, 47.087,    0.0,  9.045, 23380.189
  31, A, chain_top      ,  0.098, 135.112,    0.0, 25.952, 67086.713
  29, B, chain_bottom   ,  0.098, 44.453,    0.0,  8.539, 22072.185
  27, B, chain_bottom   ,  0.098, 46.491,    0.0,  8.930, 23084.093
  29, E, chain_bottom   ,  0.098, 45.191,    0.0,  8.680, 22438.301
  34, C, chain_top      ,  0.098, 140.140,    0.0, 26.918, 69583.307
  40, C, chain_top      ,  0.098, 134.158,    0.0, 25.769, 66613.133
  24, D, chain_bottom   ,  0.098, 35.418,    0.0,  6.803, 17585.769
  24, C, chain_bottom   ,  0.098, 35.438,    0.0,  6.807, 17595.698
  34, D, chain_top      ,  0.098, 140.098,    0.0, 26.910, 69562.473
  30, F, chain_top      ,  0.098, 136.845,    0.0, 26.285, 67946.992
  24, B, chain_bottom   ,  0.098, 32.229,    0.0,  6.191, 16002.782
  30, E, chain_bottom   ,  0.098, 42.393,    0.0,  8.143, 21049.373
  23, D, chain_bottom   ,  0.098, 39.669,    0.0,  7.620, 19696.680
  23, C, chain_bottom   ,  0.098, 39.652,    0.0,  7.616, 19688.478
  33, D, chain_top      ,  0.098, 139.894,    0.0, 26.871, 69461.347
  33, C, chain_top      ,  0.098, 139.936,    0.0, 26.879, 69481.952
  40, D, chain_bottom   ,  0.098, 36.610,    0.0,  7.032, 18177.727
  40, C, chain_bottom   ,  0.098, 36.645,    0.0,  7.039, 18195.395
  40, B, chain_top      ,  0.098, 132.925,    0.0, 25.532, 66001.066
  32, F, chain_top      ,  0.098, 133.585,    0.0, 25.659, 66328.514
  22, D, chain_bottom   ,  0.098, 42.661,    0.0,  8.194, 21182.312
  22, C, chain_bottom   ,  0.098, 42.661,    0.0,  8.194, 21182.312
  32, B, chain_top      ,  0.098, 133.280,    0.0, 25.600, 66177.229
  32, A, chain_top      ,  0.098, 133.340,    0.0, 25.612, 66206.988
  31, F, chain_top      ,  0.098, 135.221,    0.0, 25.973, 67140.878
  31, E, chain_top      ,  0.098, 135.184,    0.0, 25.966, 67122.235
  40, B, chain_bottom   ,  0.098, 33.736,    0.0,  6.480, 16750.954
  30, F, chain_bottom   ,  0.098, 42.483,    0.0,  8.160, 21094.028
  35, D, chain_top      ,  0.098, 140.039,    0.0, 26.899, 69532.910
  25, A, chain_bottom   ,  0.098, 44.636,    0.0,  8.574, 22162.916
  25, B, chain_bottom   ,  0.098, 44.596,    0.0,  8.566, 22143.012
  25, E, chain_bottom   ,  0.098, 47.151,    0.0,  9.057, 23411.887
  32, E, chain_top      ,  0.098, 133.535,    0.0, 25.649, 66303.485
  30, E, chain_top      ,  0.098, 136.801,    0.0, 26.277, 67925.295
  23, C, chain_top      ,  0.098, 135.505,    0.0, 26.028, 67281.729
  31, F, chain_bottom   ,  0.098, 39.033,    0.0,  7.497, 19380.899
  29, F, chain_top      ,  0.098, 138.224,    0.0, 26.550, 68631.808
  29, E, chain_top      ,  0.098, 138.196,    0.0, 26.545, 68618.215
  31, A, chain_bottom   ,  0.098, 38.793,    0.0,  7.451, 19261.651
  31, B, chain_bottom   ,  0.098, 38.676,    0.0,  7.429, 19203.430
  29, B, chain_top      ,  0.098, 137.821,    0.0, 26.473, 68431.878
  29, A, chain_top      ,  0.098, 137.860,    0.0, 26.480, 68451.248
  28, F, chain_top      ,  0.098, 139.093,    0.0, 26.717, 69063.224
  28, E, chain_top      ,  0.098, 139.087,    0.0, 26.716, 69060.444
  26, A, chain_top      ,  0.098, 138.303,    0.0, 26.565, 68671.127
  20, D, chain_bottom   ,  0.098, 45.685,    0.0,  8.775, 22683.962
  28, B, chain_top      ,  0.098, 138.577,    0.0, 26.618, 68807.167
  28, A, chain_top      ,  0.098, 138.601,    0.0, 26.622, 68819.009
  27, F, chain_top      ,  0.098, 139.478,    0.0, 26.791, 69254.366
  27, E, chain_top      ,  0.098, 139.496,    0.0, 26.794, 69263.646
  39, D, chain_bottom   ,  0.098, 40.381,    0.0,  7.756, 20050.418
  39, C, chain_bottom   ,  0.098, 40.422,    0.0,  7.764, 20070.751
  27, B, chain_top      ,  0.098, 138.872,    0.0, 26.674, 68953.556
  27, A, chain_top      ,  0.098, 138.882,    0.0, 26.677, 68958.839
  26, F, chain_top      ,  0.098, 139.432,    0.0, 26.782, 69231.814
  26, E, chain_top      ,  0.098, 139.460,    0.0, 26.787, 69245.411
  19, D, chain_bottom   ,  0.098, 45.350,    0.0,  8.711, 22517.731
  19, C, chain_bottom   ,  0.098, 45.407,    0.0,  8.722, 22545.976
  20, C, chain_bottom   ,  0.098, 45.709,    0.0,  8.780, 22695.845
  35, C, chain_bottom   ,  0.098, 48.725,    0.0,  9.359, 24193.479
  30, B, chain_bottom   ,  0.098, 41.997,    0.0,  8.067, 20852.525
  30, A, chain_top      ,  0.098, 136.652,    0.0, 26.248, 67851.476
  30, B, chain_top      ,  0.098, 136.609,    0.0, 26.240, 67830.099
  21, C, chain_bottom   ,  0.098, 44.447,    0.0,  8.537, 22069.047
  21, D, chain_bottom   ,  0.098, 44.423,    0.0,  8.533, 22057.166
  25, B, chain_top      ,  0.098, 137.893,    0.0, 26.487, 68467.717
  25, A, chain_top      ,  0.098, 137.914,    0.0, 26.490, 68477.806
  18, D, chain_bottom   ,  0.098, 43.362,    0.0,  8.329, 21530.543
  18, C, chain_bottom   ,  0.098, 43.473,    0.0,  8.350, 21585.272
  24, D, chain_top      ,  0.098, 133.630,    0.0, 25.668, 66350.786
  24, C, chain_top      ,  0.098, 133.638,    0.0, 25.669, 66355.010
  24, B, chain_top      ,  0.098, 132.312,    0.0, 25.415, 65696.682
  32, A, chain_bottom   ,  0.098, 34.733,    0.0,  6.671, 17245.637
  32, B, chain_bottom   ,  0.098, 34.590,    0.0,  6.644, 17174.707
  17, D, chain_bottom   ,  0.098, 42.596,    0.0,  8.182, 21149.834
  25, E, chain_top      ,  0.098, 139.221,    0.0, 26.742, 69127.099
  23, D, chain_top      ,  0.098, 135.512,    0.0, 26.029, 67285.507
  31, E, chain_bottom   ,  0.098, 38.950,    0.0,  7.482, 19339.916
  17, C, chain_bottom   ,  0.098, 42.691,    0.0,  8.200, 21197.398
  38, C, chain_bottom   ,  0.098, 43.732,    0.0,  8.400, 21714.345
  16, F, chain_bottom   ,  0.098, 33.637,    0.0,  6.461, 16701.633
  22, D, chain_top      ,  0.098, 136.931,    0.0, 26.302, 67989.999
  22, C, chain_top      ,  0.098, 136.931,    0.0, 26.302, 67989.999
  16, E, chain_bottom   ,  0.098, 33.474,    0.0,  6.430, 16620.901
  16, B, chain_bottom   ,  0.098, 32.200,    0.0,  6.185, 15988.124
  21, D, chain_top      ,  0.098, 137.806,    0.0, 26.470, 68424.292
  21, C, chain_top      ,  0.098, 137.818,    0.0, 26.472, 68430.293
  16, A, chain_bottom   ,  0.098, 32.429,    0.0,  6.229, 16102.044
  15, B, chain_bottom   ,  0.098, 38.217,    0.0,  7.341, 18975.615
  25, F, chain_top      ,  0.098, 139.187,    0.0, 26.735, 69110.218
  26, B, chain_top      ,  0.098, 138.299,    0.0, 26.564, 68669.080
  38, D, chain_bottom   ,  0.098, 43.696,    0.0,  8.393, 21696.251
  30, A, chain_bottom   ,  0.098, 42.086,    0.0,  8.084, 20896.859
  15, F, chain_bottom   ,  0.098, 38.674,    0.0,  7.428, 19202.489
  29, F, chain_bottom   ,  0.098, 45.244,    0.0,  8.690, 22464.803
  14, E, chain_bottom   ,  0.098, 42.000,    0.0,  8.067, 20854.293
  14, B, chain_bottom   ,  0.098, 42.194,    0.0,  8.105, 20950.403
  35, C, chain_top      ,  0.098, 140.073,    0.0, 26.905, 69550.231
  19, D, chain_top      ,  0.098, 138.279,    0.0, 26.561, 68658.998
  19, C, chain_top      ,  0.098, 138.308,    0.0, 26.566, 68673.532
  14, A, chain_bottom   ,  0.098, 42.193,    0.0,  8.104, 20949.717
  13, F, chain_bottom   ,  0.098, 44.013,    0.0,  8.454, 21853.695
  13, E, chain_bottom   ,  0.098, 43.962,    0.0,  8.444, 21828.474
  13, B, chain_bottom   ,  0.098, 43.722,    0.0,  8.398, 21709.260
  18, D, chain_top      ,  0.098, 137.276,    0.0, 26.368, 68161.086
  18, C, chain_top      ,  0.098, 137.330,    0.0, 26.378, 68188.187
  13, A, chain_bottom   ,  0.098, 43.780,    0.0,  8.409, 21737.751
  12, F, chain_bottom   ,  0.098, 45.263,    0.0,  8.694, 22474.190
  12, E, chain_bottom   ,  0.098, 45.234,    0.0,  8.688, 22459.736
  12, B, chain_bottom   ,  0.098, 45.308,    0.0,  8.703, 22496.646
  17, D, chain_top      ,  0.098, 136.899,    0.0, 26.296, 67974.160
  17, C, chain_top      ,  0.098, 136.946,    0.0, 26.305, 67997.363
  12, A, chain_bottom   ,  0.098, 45.330,    0.0,  8.707, 22507.527
  11, F, chain_bottom   ,  0.098, 45.241,    0.0,  8.690, 22463.592
  16, F, chain_top      ,  0.098, 132.885,    0.0, 25.524, 65980.741
  16, E, chain_top      ,  0.098, 132.818,    0.0, 25.512, 65947.552
  11, E, chain_bottom   ,  0.098, 45.298,    0.0,  8.701, 22491.694
  11, B, chain_bottom   ,  0.098, 45.199,    0.0,  8.682, 22442.519
  16, B, chain_top      ,  0.098, 132.301,    0.0, 25.412, 65690.801
  32, E, chain_bottom   ,  0.098, 35.193,    0.0,  6.760, 17474.361
  14, F, chain_bottom   ,  0.098, 42.066,    0.0,  8.080, 20887.129
  15, A, chain_bottom   ,  0.098, 38.357,    0.0,  7.368, 19045.386
   9, A, chain_bottom   ,  0.098, 39.645,    0.0,  7.615, 19684.713
  40, D, chain_top      ,  0.098, 134.143,    0.0, 25.766, 66605.445
  12, A, chain_top      ,  0.098, 138.268,    0.0, 26.559, 68653.752
  15, E, chain_top      ,  0.098, 135.004,    0.0, 25.932, 67033.201
  11, A, chain_bottom   ,  0.098, 45.131,    0.0,  8.669, 22408.901
  10, F, chain_bottom   ,  0.098, 42.680,    0.0,  8.198, 21191.706
  15, B, chain_top      ,  0.098, 134.852,    0.0, 25.902, 66957.788
  15, A, chain_top      ,  0.098, 134.915,    0.0, 25.915, 66989.107
  14, F, chain_top      ,  0.098, 136.643,    0.0, 26.246, 67846.781
  14, E, chain_top      ,  0.098, 136.611,    0.0, 26.240, 67830.951
  10, E, chain_bottom   ,  0.098, 42.793,    0.0,  8.220, 21248.001
  10, B, chain_bottom   ,  0.098, 42.185,    0.0,  8.103, 20946.063
  14, B, chain_top      ,  0.098, 136.704,    0.0, 26.258, 67877.342
  14, A, chain_top      ,  0.098, 136.704,    0.0, 26.258, 67877.010
  11, A, chain_top      ,  0.098, 138.166,    0.0, 26.539, 68603.152
  13, F, chain_top      ,  0.098, 137.600,    0.0, 26.430, 68321.951
  10, A, chain_bottom   ,  0.098, 42.049,    0.0,  8.077, 20878.621
  11, E, chain_top      ,  0.098, 138.252,    0.0, 26.555, 68645.616
   9, F, chain_bottom   ,  0.098, 41.431,    0.0,  7.958, 20571.486
  13, B, chain_top      ,  0.098, 137.454,    0.0, 26.402, 68249.800
  11, F, chain_top      ,  0.098, 138.223,    0.0, 26.550, 68631.187
  13, A, chain_top      ,  0.098, 137.483,    0.0, 26.408, 68264.000
  12, F, chain_top      ,  0.098, 138.233,    0.0, 26.552, 68636.626
  12, E, chain_top      ,  0.098, 138.219,    0.0, 26.549, 68629.208
   9, E, chain_bottom   ,  0.098, 41.467,    0.0,  7.965, 20589.375
   9, B, chain_bottom   ,  0.098, 39.599,    0.0,  7.606, 19661.779
  12, B, chain_top      ,  0.098, 138.257,    0.0, 26.556, 68648.160
  15, F, chain_top      ,  0.098, 135.058,    0.0, 25.942, 67059.932
  13, E, chain_top      ,  0.098, 137.574,    0.0, 26.425, 68309.323
  20, C, chain_top      ,  0.098, 138.464,    0.0, 26.596, 68750.919
  16, A, chain_top      ,  0.098, 132.393,    0.0, 25.430, 65736.585
   5, D, chain_top      ,  0.098, 138.326,    0.0, 26.570, 68682.556
  32, F, chain_bottom   ,  0.098, 35.312,    0.0,  6.783, 17533.370
  33, C, chain_bottom   ,  0.098, 48.475,    0.0,  9.311, 24069.012
  10, B, chain_top      ,  0.098, 136.700,    0.0, 26.257, 67875.244
  10, A, chain_top      ,  0.098, 136.634,    0.0, 26.245, 67842.677
   9, F, chain_top      ,  0.098, 136.338,    0.0, 26.188, 67695.441
   9, E, chain_top      ,  0.098, 136.355,    0.0, 26.191, 67703.969
   8, C, chain_bottom   ,  0.098, 32.834,    0.0,  6.307, 16302.862
   8, B, chain_bottom   ,  0.098, 28.568,    0.0,  5.487, 14184.904
   9, B, chain_top      ,  0.098, 135.480,    0.0, 26.023, 67269.437
   9, A, chain_top      ,  0.098, 135.501,    0.0, 26.027, 67279.995
   8, A, chain_bottom   ,  0.098, 28.230,    0.0,  5.422, 14017.043
   7, D, chain_bottom   ,  0.098, 40.049,    0.0,  7.693, 19885.276
  10, E, chain_top      ,  0.098, 136.996,    0.0, 26.314, 68022.095
   8, D, chain_top      ,  0.098, 132.500,    0.0, 25.451, 65790.030
   8, B, chain_top      ,  0.098, 130.891,    0.0, 25.142, 64990.811
   8, A, chain_top      ,  0.098, 130.764,    0.0, 25.117, 64927.938
   7, C, chain_bottom   ,  0.098, 40.045,    0.0,  7.692, 19883.265
  37, D, chain_bottom   ,  0.098, 46.376,    0.0,  8.908, 23026.698
   7, D, chain_top      ,  0.098, 135.688,    0.0, 26.063, 67372.722
   7, C, chain_top      ,  0.098, 135.686,    0.0, 26.063, 67371.789
  37, C, chain_bottom   ,  0.098, 46.422,    0.0,  8.917, 23049.675
   6, D, chain_bottom   ,  0.098, 43.679,    0.0,  8.390, 21687.732
   6, C, chain_bottom   ,  0.098, 43.607,    0.0,  8.376, 21652.199
   6, C, chain_top      ,  0.098, 137.397,    0.0, 26.391, 68221.408
  20, D, chain_top      ,  0.098, 138.451,    0.0, 26.594, 68744.766
  15, E, chain_bottom   ,  0.098, 38.554,    0.0,  7.406, 19143.304
   8, C, chain_top      ,  0.098, 132.556,    0.0, 25.461, 65817.760
  10, F, chain_top      ,  0.098, 136.940,    0.0, 26.304, 67994.584
   8, D, chain_bottom   ,  0.098, 32.696,    0.0,  6.280, 16234.427
   5, D, chain_bottom   ,  0.098, 45.443,    0.0,  8.729, 22563.498
   5, C, chain_top      ,  0.098, 138.275,    0.0, 26.560, 68657.138
  33, D, chain_bottom   ,  0.098, 48.399,    0.0,  9.296, 24031.327
   4, D, chain_bottom   ,  0.098, 45.967,    0.0,  8.829, 22823.878
   4, C, chain_bottom   ,  0.098, 45.937,    0.0,  8.823, 22808.703
  36, D, chain_bottom   ,  0.098, 47.937,    0.0,  9.208, 23801.981
   4, D, chain_top      ,  0.098, 138.598,    0.0, 26.622, 68817.397
   4, C, chain_top      ,  0.098, 138.582,    0.0, 26.619, 68809.501
  36, C, chain_bottom   ,  0.098, 47.985,    0.0,  9.217, 23825.739
   6, D, chain_top      ,  0.098, 137.433,    0.0, 26.398, 68239.081
   3, C, chain_bottom   ,  0.098, 44.770,    0.0,  8.600, 22229.718
   3, D, chain_top      ,  0.098, 137.993,    0.0, 26.506, 68517.288
   3, C, chain_top      ,  0.098, 137.982,    0.0, 26.504, 68511.725
   3, D, chain_bottom   ,  0.098, 44.792,    0.0,  8.604, 22240.657
   2, C, chain_bottom   ,  0.098, 40.802,    0.0,  7.837, 20259.085
  11, B, chain_top      ,  0.098, 138.201,    0.0, 26.546, 68620.377
   2, D, chain_bottom   ,  0.098, 40.805,    0.0,  7.838, 20260.731
   1, C, chain_top      ,  0.098, 134.912,    0.0, 25.914, 66987.517
   1, D, chain_top      ,  0.098, 134.872,    0.0, 25.906, 66967.401
  35, D, chain_bottom   ,  0.098, 48.662,    0.0,  9.347, 24161.965
   5, C, chain_bottom   ,  0.098, 45.343,    0.0,  8.710, 22514.114
   1, D, chain_bottom   ,  0.098, 38.260,    0.0,  7.349, 18997.049
  34, D, chain_bottom   ,  0.098, 48.770,    0.0,  9.368, 24215.731
   2, C, chain_top      ,  0.098, 136.040,    0.0, 26.131, 67547.463
   2, D, chain_top      ,  0.098, 136.041,    0.0, 26.131, 67548.238
  34, C, chain_bottom   ,  0.098, 48.846,    0.0,  9.382, 24253.550
   1, C, chain_bottom   ,  0.098, 38.350,    0.0,  7.366, 19041.848
  36, C, polyester      ,  0.117, 1261.227,    0.0, 11.723, 87740.421
  34, D, polyester      ,  0.117, 1255.433,    0.0, 11.669, 87337.339
  34, E, polyester      ,  0.117, 1258.612,    0.0, 11.699, 87558.477
  33, A, polyester      ,  0.117, 1247.822,    0.0, 11.598, 86807.879
  33, B, polyester      ,  0.117, 1247.483,    0.0, 11.595, 86784.274
  33, C, polyester      ,  0.117, 1257.359,    0.0, 11.687, 87471.324
  36, D, polyester      ,  0.117, 1261.752,    0.0, 11.728, 87776.920
  33, D, polyester      ,  0.117, 1257.886,    0.0, 11.692, 87507.954
  35, C, polyester      ,  0.117, 1255.394,    0.0, 11.669, 87334.596
  34, B, polyester      ,  0.117, 1248.139,    0.0, 11.601, 86829.890
  34, A, polyester      ,  0.117, 1248.339,    0.0, 11.603, 86843.803
  35, B, polyester      ,  0.117, 1252.348,    0.0, 11.640, 87122.714
  34, C, polyester      ,  0.117, 1254.840,    0.0, 11.664, 87296.104
  34, F, polyester      ,  0.117, 1258.419,    0.0, 11.697, 87545.039
  35, A, polyester      ,  0.117, 1252.921,    0.0, 11.646, 87162.585
  35, D, polyester      ,  0.117, 1255.936,    0.0, 11.674, 87372.314
  39, B, polyester      ,  0.123, 1324.347,    0.0, 13.604, 101823.192
  39, C, polyester      ,  0.123, 1309.027,    0.0, 13.447, 100645.310
  39, D, polyester      ,  0.123, 1309.329,    0.0, 13.450, 100668.499
  39, E, polyester      ,  0.123, 1328.831,    0.0, 13.651, 102167.909
  40, C, polyester      ,  0.123, 1333.463,    0.0, 13.698, 102524.103
  40, A, polyester      ,  0.123, 1354.778,    0.0, 13.917, 104162.872
  40, B, polyester      ,  0.123, 1353.976,    0.0, 13.909, 104101.254
  39, A, polyester      ,  0.123, 1325.320,    0.0, 13.614, 101897.966
  40, D, polyester      ,  0.123, 1333.799,    0.0, 13.702, 102549.872
  39, F, polyester      ,  0.123, 1329.693,    0.0, 13.659, 102234.217
  36, A, polyester      ,  0.123, 1263.375,    0.0, 12.978, 97135.287
  38, A, polyester      ,  0.123, 1300.825,    0.0, 13.363, 100014.685
  38, C, polyester      ,  0.123, 1287.657,    0.0, 13.228, 99002.254
  38, B, polyester      ,  0.123, 1299.974,    0.0, 13.354, 99949.233
  19, D, polyester      ,  0.123, 1279.159,    0.0, 13.140, 98348.889
  37, F, polyester      ,  0.123, 1285.085,    0.0, 13.201, 98804.466
  37, E, polyester      ,  0.123, 1284.482,    0.0, 13.195, 98758.130
  37, D, polyester      ,  0.123, 1271.284,    0.0, 13.059, 97743.381
  37, C, polyester      ,  0.123, 1270.800,    0.0, 13.054, 97706.162
  37, B, polyester      ,  0.123, 1279.271,    0.0, 13.141, 98357.480
  37, A, polyester      ,  0.123, 1279.931,    0.0, 13.148, 98408.216
  36, F, polyester      ,  0.123, 1270.045,    0.0, 13.047, 97648.177
  36, E, polyester      ,  0.123, 1269.811,    0.0, 13.044, 97630.142
  38, E, polyester      ,  0.123, 1305.770,    0.0, 13.414, 100394.870
  36, B, polyester      ,  0.123, 1262.785,    0.0, 12.972, 97089.960
  31, B, polyester      ,  0.123, 1333.024,    0.0, 13.694, 102490.327
  29, B, polyester      ,  0.123, 1290.687,    0.0, 13.259, 99235.226
  33, F, polyester      ,  0.123, 1259.664,    0.0, 12.940, 96849.964
  33, E, polyester      ,  0.123, 1260.017,    0.0, 12.944, 96877.144
  32, F, polyester      ,  0.123, 1357.114,    0.0, 13.941, 104342.520
  32, E, polyester      ,  0.123, 1358.180,    0.0, 13.952, 104424.424
  32, D, polyester      ,  0.123, 1395.636,    0.0, 14.337, 107304.308
  32, C, polyester      ,  0.123, 1395.703,    0.0, 14.337, 107309.395
  32, B, polyester      ,  0.123, 1362.653,    0.0, 13.998, 104768.399
  32, A, polyester      ,  0.123, 1361.597,    0.0, 13.987, 104687.173
  31, F, polyester      ,  0.123, 1328.637,    0.0, 13.649, 102152.989
  31, E, polyester      ,  0.123, 1329.222,    0.0, 13.655, 102197.981
  31, D, polyester      ,  0.123, 1352.771,    0.0, 13.896, 104008.565
  35, E, polyester      ,  0.123, 1260.383,    0.0, 12.947, 96905.241
  31, C, polyester      ,  0.123, 1352.810,    0.0, 13.897, 104011.553
  31, A, polyester      ,  0.123, 1332.294,    0.0, 13.686, 102434.188
  30, F, polyester      ,  0.123, 1305.705,    0.0, 13.413, 100389.852
  30, E, polyester      ,  0.123, 1306.259,    0.0, 13.419, 100432.457
  30, D, polyester      ,  0.123, 1324.678,    0.0, 13.608, 101848.667
  30, C, polyester      ,  0.123, 1324.480,    0.0, 13.606, 101833.397
  30, B, polyester      ,  0.123, 1308.743,    0.0, 13.444, 100623.448
  24, C, polyester      ,  0.123, 1341.177,    0.0, 13.777, 103117.169
  29, F, polyester      ,  0.123, 1285.261,    0.0, 13.203, 98818.045
  29, E, polyester      ,  0.123, 1285.479,    0.0, 13.205, 98834.821
  29, D, polyester      ,  0.123, 1301.804,    0.0, 13.373, 100089.933
  29, C, polyester      ,  0.123, 1301.968,    0.0, 13.375, 100102.538
  38, D, polyester      ,  0.123, 1288.131,    0.0, 13.232, 99038.693
  35, F, polyester      ,  0.123, 1260.364,    0.0, 12.947, 96903.803
  29, A, polyester      ,  0.123, 1290.272,    0.0, 13.254, 99203.270
  23, E, polyester      ,  0.123, 1335.562,    0.0, 13.720, 102685.446
  28, E, polyester      ,  0.123, 1271.406,    0.0, 13.061, 97752.823
  27, F, polyester      ,  0.123, 1264.333,    0.0, 12.988, 97208.947
  27, E, polyester      ,  0.123, 1264.089,    0.0, 12.985, 97190.203
  27, D, polyester      ,  0.123, 1271.828,    0.0, 13.065, 97785.200
  27, C, polyester      ,  0.123, 1272.005,    0.0, 13.067, 97798.869
  28, C, polyester      ,  0.123, 1283.560,    0.0, 13.185, 98687.289
  27, A, polyester      ,  0.123, 1272.394,    0.0, 13.071, 97828.723
  26, F, polyester      ,  0.123, 1263.109,    0.0, 12.975, 97114.839
  26, E, polyester      ,  0.123, 1262.597,    0.0, 12.970, 97075.485
  26, D, polyester      ,  0.123, 1265.532,    0.0, 13.000, 97301.186
  28, B, polyester      ,  0.123, 1278.839,    0.0, 13.137, 98324.272
  28, D, polyester      ,  0.123, 1283.243,    0.0, 13.182, 98662.855
  28, A, polyester      ,  0.123, 1278.695,    0.0, 13.136, 98313.237
  26, B, polyester      ,  0.123, 1275.516,    0.0, 13.103, 98068.818
  25, F, polyester      ,  0.123, 1264.779,    0.0, 12.993, 97243.292
  25, E, polyester      ,  0.123, 1264.227,    0.0, 12.987, 97200.855
  25, D, polyester      ,  0.123, 1266.782,    0.0, 13.013, 97397.298
  25, C, polyester      ,  0.123, 1267.281,    0.0, 13.018, 97435.650
  25, B, polyester      ,  0.123, 1282.998,    0.0, 13.180, 98644.060
  25, A, polyester      ,  0.123, 1282.924,    0.0, 13.179, 98638.363
  24, F, polyester      ,  0.123, 1374.405,    0.0, 14.119, 105671.922
  24, E, polyester      ,  0.123, 1373.141,    0.0, 14.106, 105574.739
  24, D, polyester      ,  0.123, 1341.204,    0.0, 13.778, 103119.232
  26, C, polyester      ,  0.123, 1265.725,    0.0, 13.002, 97315.999
  19, E, polyester      ,  0.123, 1275.128,    0.0, 13.099, 98038.968
  26, A, polyester      ,  0.123, 1275.662,    0.0, 13.104, 98079.982
  27, B, polyester      ,  0.123, 1272.235,    0.0, 13.069, 97816.557
  21, F, polyester      ,  0.123, 1290.896,    0.0, 13.261, 99251.308
  24, B, polyester      ,  0.123, 1364.014,    0.0, 14.012, 104872.989
  23, F, polyester      ,  0.123, 1336.544,    0.0, 13.730, 102760.947
  23, D, polyester      ,  0.123, 1313.931,    0.0, 13.497, 101022.329
  23, C, polyester      ,  0.123, 1314.012,    0.0, 13.498, 101028.560
  23, B, polyester      ,  0.123, 1333.924,    0.0, 13.703, 102559.502
  23, A, polyester      ,  0.123, 1334.682,    0.0, 13.711, 102617.794
  22, F, polyester      ,  0.123, 1308.426,    0.0, 13.441, 100599.119
  22, E, polyester      ,  0.123, 1307.743,    0.0, 13.434, 100546.614
  22, D, polyester      ,  0.123, 1295.033,    0.0, 13.303, 99569.366
  22, C, polyester      ,  0.123, 1295.029,    0.0, 13.303, 99569.024
  22, B, polyester      ,  0.123, 1308.838,    0.0, 13.445, 100630.729
  22, A, polyester      ,  0.123, 1309.446,    0.0, 13.451, 100677.534
  21, E, polyester      ,  0.123, 1290.584,    0.0, 13.258, 99227.259
  21, D, polyester      ,  0.123, 1283.979,    0.0, 13.190, 98719.461
  21, C, polyester      ,  0.123, 1283.840,    0.0, 13.188, 98708.805
  21, B, polyester      ,  0.123, 1290.200,    0.0, 13.254, 99197.769
  21, A, polyester      ,  0.123, 1290.708,    0.0, 13.259, 99236.812
  20, F, polyester      ,  0.123, 1280.617,    0.0, 13.155, 98460.954
  20, E, polyester      ,  0.123, 1280.374,    0.0, 13.153, 98442.308
  20, D, polyester      ,  0.123, 1276.188,    0.0, 13.110, 98120.486
  20, C, polyester      ,  0.123, 1276.076,    0.0, 13.109, 98111.845
  20, B, polyester      ,  0.123, 1278.082,    0.0, 13.129, 98266.080
  20, A, polyester      ,  0.123, 1278.501,    0.0, 13.134, 98298.316
  28, F, polyester      ,  0.123, 1271.189,    0.0, 13.058, 97736.138
  19, F, polyester      ,  0.123, 1275.146,    0.0, 13.099, 98040.312
  24, A, polyester      ,  0.123, 1364.908,    0.0, 14.021, 104941.772
  38, F, polyester      ,  0.123, 1306.477,    0.0, 13.421, 100449.245
   6, B, polyester      ,  0.123, 1305.944,    0.0, 13.415, 100408.226
  30, A, polyester      ,  0.123, 1308.004,    0.0, 13.437, 100566.657
  10, A, polyester      ,  0.123, 1289.790,    0.0, 13.249, 99166.251
  18, D, polyester      ,  0.123, 1292.204,    0.0, 13.274, 99351.827
  18, C, polyester      ,  0.123, 1291.329,    0.0, 13.265, 99284.600
  18, B, polyester      ,  0.123, 1273.401,    0.0, 13.081, 97906.173
  18, A, polyester      ,  0.123, 1273.312,    0.0, 13.080, 97899.316
  17, F, polyester      ,  0.123, 1298.843,    0.0, 13.342, 99862.320
  17, E, polyester      ,  0.123, 1299.297,    0.0, 13.347, 99897.185
  17, D, polyester      ,  0.123, 1296.464,    0.0, 13.318, 99679.377
  17, C, polyester      ,  0.123, 1295.810,    0.0, 13.311, 99629.113
  17, B, polyester      ,  0.123, 1281.604,    0.0, 13.165, 98536.872
  17, A, polyester      ,  0.123, 1281.883,    0.0, 13.168, 98558.289
  10, C, polyester      ,  0.123, 1276.247,    0.0, 13.110, 98125.024
  18, E, polyester      ,  0.123, 1283.095,    0.0, 13.181, 98651.518
  16, F, polyester      ,  0.123, 1371.146,    0.0, 14.085, 105421.330
  16, C, polyester      ,  0.123, 1403.603,    0.0, 14.419, 107916.827
  16, A, polyester      ,  0.123, 1383.229,    0.0, 14.209, 106350.387
  15, F, polyester      ,  0.123, 1334.153,    0.0, 13.705, 102577.105
  15, E, polyester      ,  0.123, 1335.114,    0.0, 13.715, 102650.977
  15, D, polyester      ,  0.123, 1366.715,    0.0, 14.040, 105080.639
  15, C, polyester      ,  0.123, 1367.025,    0.0, 14.043, 105104.519
  15, B, polyester      ,  0.123, 1340.718,    0.0, 13.773, 103081.857
  15, A, polyester      ,  0.123, 1339.447,    0.0, 13.760, 102984.170
  14, F, polyester      ,  0.123, 1307.670,    0.0, 13.433, 100540.942
  14, E, polyester      ,  0.123, 1308.195,    0.0, 13.439, 100581.333
  14, D, polyester      ,  0.123, 1329.956,    0.0, 13.662, 102254.419
  16, D, polyester      ,  0.123, 1403.370,    0.0, 14.416, 107898.920
  18, F, polyester      ,  0.123, 1282.385,    0.0, 13.173, 98596.881
  19, A, polyester      ,  0.123, 1271.296,    0.0, 13.060, 97744.330
  14, C, polyester      ,  0.123, 1330.155,    0.0, 13.664, 102269.755
  19, C, polyester      ,  0.123, 1278.862,    0.0, 13.137, 98326.059
  12, F, polyester      ,  0.123, 1281.664,    0.0, 13.166, 98541.505
  10, D, polyester      ,  0.123, 1276.237,    0.0, 13.110, 98124.236
  10, E, polyester      ,  0.123, 1286.357,    0.0, 13.214, 98902.270
  10, F, polyester      ,  0.123, 1287.172,    0.0, 13.223, 98964.996
  11, A, polyester      ,  0.123, 1277.278,    0.0, 13.121, 98204.250
  11, B, polyester      ,  0.123, 1277.007,    0.0, 13.118, 98183.403
  11, C, polyester      ,  0.123, 1279.399,    0.0, 13.143, 98367.302
  14, B, polyester      ,  0.123, 1306.585,    0.0, 13.422, 100457.557
  14, A, polyester      ,  0.123, 1306.180,    0.0, 13.418, 100426.382
  11, D, polyester      ,  0.123, 1279.429,    0.0, 13.143, 98369.637
  12, E, polyester      ,  0.123, 1281.745,    0.0, 13.167, 98547.695
  11, E, polyester      ,  0.123, 1277.202,    0.0, 13.120, 98198.392
  12, A, polyester      ,  0.123, 1281.823,    0.0, 13.168, 98553.726
  12, B, polyester      ,  0.123, 1281.714,    0.0, 13.167, 98545.300
  12, C, polyester      ,  0.123, 1289.501,    0.0, 13.247, 99144.054
  13, F, polyester      ,  0.123, 1291.584,    0.0, 13.268, 99304.202
  13, E, polyester      ,  0.123, 1291.827,    0.0, 13.270, 99322.862
  13, D, polyester      ,  0.123, 1304.320,    0.0, 13.399, 100283.428
  12, D, polyester      ,  0.123, 1289.399,    0.0, 13.245, 99136.182
  13, B, polyester      ,  0.123, 1293.938,    0.0, 13.292, 99485.173
  13, A, polyester      ,  0.123, 1294.001,    0.0, 13.293, 99490.012
  11, F, polyester      ,  0.123, 1277.665,    0.0, 13.125, 98234.016
  13, C, polyester      ,  0.123, 1304.322,    0.0, 13.399, 100283.517
  40, E, polyester      ,  0.123, 1358.375,    0.0, 13.954, 104439.462
  16, E, polyester      ,  0.123, 1372.159,    0.0, 14.096, 105499.269
  10, B, polyester      ,  0.123, 1288.956,    0.0, 13.241, 99102.122
  16, B, polyester      ,  0.123, 1385.604,    0.0, 14.234, 106532.955
   9, F, polyester      ,  0.123, 1302.055,    0.0, 13.375, 100109.275
   9, E, polyester      ,  0.123, 1301.325,    0.0, 13.368, 100053.133
   9, D, polyester      ,  0.123, 1288.905,    0.0, 13.240, 99098.209
   9, C, polyester      ,  0.123, 1288.984,    0.0, 13.241, 99104.278
   9, B, polyester      ,  0.123, 1312.510,    0.0, 13.483, 100913.118
   9, A, polyester      ,  0.123, 1313.181,    0.0, 13.490, 100964.649
  19, B, polyester      ,  0.123, 1270.888,    0.0, 13.055, 97712.974
   8, E, polyester      ,  0.123, 1421.531,    0.0, 14.603, 109295.265
   8, D, polyester      ,  0.123, 1357.472,    0.0, 13.945, 104370.031
   8, C, polyester      ,  0.123, 1356.644,    0.0, 13.936, 104306.384
   8, F, polyester      ,  0.123, 1423.437,    0.0, 14.622, 109441.743
   8, A, polyester      ,  0.123, 1389.810,    0.0, 14.277, 106856.313
   7, F, polyester      ,  0.123, 1363.269,    0.0, 14.004, 104815.713
   7, E, polyester      ,  0.123, 1362.492,    0.0, 13.996, 104756.014
   7, D, polyester      ,  0.123, 1309.842,    0.0, 13.455, 100707.945
   7, C, polyester      ,  0.123, 1309.956,    0.0, 13.457, 100716.697
   7, B, polyester      ,  0.123, 1341.923,    0.0, 13.785, 103174.545
   7, A, polyester      ,  0.123, 1343.678,    0.0, 13.803, 103309.452
   6, F, polyester      ,  0.123, 1310.968,    0.0, 13.467, 100794.515
   6, E, polyester      ,  0.123, 1310.367,    0.0, 13.461, 100748.296
   6, D, polyester      ,  0.123, 1289.618,    0.0, 13.248, 99153.053
   6, C, polyester      ,  0.123, 1290.018,    0.0, 13.252, 99183.747
  40, F, polyester      ,  0.123, 1359.547,    0.0, 13.966, 104529.591
   6, A, polyester      ,  0.123, 1306.745,    0.0, 13.424, 100469.874
   5, F, polyester      ,  0.123, 1290.033,    0.0, 13.252, 99184.940
   5, E, polyester      ,  0.123, 1290.520,    0.0, 13.257, 99222.355
   5, D, polyester      ,  0.123, 1277.161,    0.0, 13.120, 98195.270
   5, C, polyester      ,  0.123, 1277.773,    0.0, 13.126, 98242.312
   8, B, polyester      ,  0.123, 1387.407,    0.0, 14.252, 106671.558
   2, F, polyester      ,  0.123, 1280.166,    0.0, 13.151, 98426.280
   4, F, polyester      ,  0.123, 1269.064,    0.0, 13.037, 97572.717
   5, B, polyester      ,  0.123, 1293.804,    0.0, 13.291, 99474.866
   4, E, polyester      ,  0.123, 1268.619,    0.0, 13.032, 97538.535
   4, D, polyester      ,  0.123, 1274.605,    0.0, 13.093, 97998.718
   4, C, polyester      ,  0.123, 1274.872,    0.0, 13.096, 98019.250
   4, B, polyester      ,  0.123, 1280.948,    0.0, 13.159, 98486.453
   4, A, polyester      ,  0.123, 1280.959,    0.0, 13.159, 98487.280
   3, F, polyester      ,  0.123, 1268.578,    0.0, 13.032, 97535.380
   3, D, polyester      ,  0.123, 1283.377,    0.0, 13.184, 98673.196
   3, C, polyester      ,  0.123, 1283.411,    0.0, 13.184, 98675.806
   3, B, polyester      ,  0.123, 1274.781,    0.0, 13.095, 98012.243
   5, A, polyester      ,  0.123, 1293.955,    0.0, 13.292, 99486.466
   3, E, polyester      ,  0.123, 1268.647,    0.0, 13.032, 97540.666
   2, E, polyester      ,  0.123, 1280.686,    0.0, 13.156, 98466.299
   1, A, polyester      ,  0.123, 1310.670,    0.0, 13.464, 100771.649
   3, A, polyester      ,  0.123, 1274.789,    0.0, 13.095, 98012.886
   1, C, polyester      ,  0.123, 1323.925,    0.0, 13.600, 101790.767
   1, D, polyester      ,  0.123, 1324.538,    0.0, 13.606, 101837.900
   1, E, polyester      ,  0.123, 1312.167,    0.0, 13.479, 100886.697
   1, F, polyester      ,  0.123, 1310.868,    0.0, 13.466, 100786.876
   1, B, polyester      ,  0.123, 1311.255,    0.0, 13.470, 100816.611
   2, B, polyester      ,  0.123, 1285.539,    0.0, 13.206, 98839.442
   2, C, polyester      ,  0.123, 1310.035,    0.0, 13.457, 100722.789
   2, D, polyester      ,  0.123, 1310.074,    0.0, 13.458, 100725.761
   2, A, polyester      ,  0.123, 1284.943,    0.0, 13.200, 98793.606
  36, C, suction_anchor ,  2.300, 12.461,   52.4, 36.159, 370626.681
  34, C, suction_anchor ,  2.300, 12.410,   52.4, 36.011, 369109.773
   3, F, suction_anchor ,  2.300, 12.683,   52.4, 36.802, 377219.394
  11, F, suction_anchor ,  2.300, 12.809,   52.4, 37.170, 380991.627
  19, B, suction_anchor ,  2.300, 12.588,   52.4, 36.527, 374398.901
  37, D, suction_anchor ,  2.300, 12.538,   52.4, 36.381, 372908.682
  37, C, suction_anchor ,  2.300, 12.553,   52.4, 36.427, 373372.123
  36, D, suction_anchor ,  2.300, 12.444,   52.4, 36.110, 370128.794
  34, D, suction_anchor ,  2.300, 12.397,   52.4, 35.974, 368732.955
   3, B, suction_anchor ,  2.300, 12.626,   52.4, 36.637, 375528.351
  36, B, suction_anchor ,  2.300, 12.584,   52.4, 36.515, 374281.957
   4, E, suction_anchor ,  2.300, 12.690,   52.4, 36.823, 377437.843
  36, A, suction_anchor ,  2.300, 12.593,   52.4, 36.541, 374549.149
  35, D, suction_anchor ,  2.300, 12.403,   52.4, 35.991, 368905.510
   4, C, suction_anchor ,  2.300, 12.594,   52.4, 36.546, 374598.398
   4, D, suction_anchor ,  2.300, 12.573,   52.4, 36.485, 373971.689
   3, A, suction_anchor ,  2.300, 12.607,   52.4, 36.584, 374988.245
   5, C, suction_anchor ,  2.300, 12.617,   52.4, 36.610, 375257.400
   5, D, suction_anchor ,  2.300, 12.589,   52.4, 36.531, 374439.069
  35, B, suction_anchor ,  2.300, 12.506,   52.4, 36.289, 371967.050
  35, C, suction_anchor ,  2.300, 12.417,   52.4, 36.032, 369323.692
   4, F, suction_anchor ,  2.300, 12.688,   52.4, 36.819, 377393.237
  34, B, suction_anchor ,  2.300, 12.466,   52.4, 36.173, 370771.907
   3, E, suction_anchor ,  2.300, 12.690,   52.4, 36.822, 377429.295
  18, B, suction_anchor ,  2.300, 12.609,   52.4, 36.589, 375035.778
  35, A, suction_anchor ,  2.300, 12.515,   52.4, 36.315, 372229.102
  20, D, suction_anchor ,  2.300, 12.588,   52.4, 36.529, 374421.416
  18, A, suction_anchor ,  2.300, 12.591,   52.4, 36.535, 374485.416
  27, F, suction_anchor ,  2.300, 12.687,   52.4, 36.815, 377357.322
  28, E, suction_anchor ,  2.300, 12.749,   52.4, 36.996, 379206.201
  10, D, suction_anchor ,  2.300, 11.676,   52.4, 33.880, 347268.012
  28, F, suction_anchor ,  2.300, 12.759,   52.4, 37.024, 379494.458
  19, A, suction_anchor ,  2.300, 12.573,   52.4, 36.485, 373970.218
  33, B, suction_anchor ,  2.300, 12.457,   52.4, 36.149, 370523.137
  33, C, suction_anchor ,  2.300, 12.437,   52.4, 36.089, 369911.592
  33, D, suction_anchor ,  2.300, 12.424,   52.4, 36.051, 369523.981
  27, E, suction_anchor ,  2.300, 12.676,   52.4, 36.782, 377018.332
  34, A, suction_anchor ,  2.300, 12.470,   52.4, 36.185, 370896.932
  33, A, suction_anchor ,  2.300, 12.465,   52.4, 36.171, 370754.801
  10, C, suction_anchor ,  2.300, 11.518,   52.4, 33.423, 342588.548
  20, C, suction_anchor ,  2.300, 12.606,   52.4, 36.580, 374944.119
  11, E, suction_anchor ,  2.300, 12.801,   52.4, 37.146, 380742.444
  25, D, suction_anchor ,  2.300, 11.508,   52.4, 33.393, 342280.669
  25, E, suction_anchor ,  2.300, 12.669,   52.4, 36.761, 376805.006
  25, F, suction_anchor ,  2.300, 12.684,   52.4, 36.806, 377256.909
  26, C, suction_anchor ,  2.300, 11.451,   52.4, 33.227, 340579.046
  25, C, suction_anchor ,  2.300, 11.459,   52.4, 33.253, 340842.186
  26, E, suction_anchor ,  2.300, 12.656,   52.4, 36.725, 376432.761
  26, F, suction_anchor ,  2.300, 12.670,   52.4, 36.765, 376842.366
  27, C, suction_anchor ,  2.300, 11.504,   52.4, 33.382, 342166.270
  27, D, suction_anchor ,  2.300, 11.625,   52.4, 33.734, 345774.137
  26, D, suction_anchor ,  2.300, 11.503,   52.4, 33.380, 342141.938
   1, E, suction_anchor ,  2.700, 16.033,   60.4, 62.987, 645619.710
   3, C, suction_anchor ,  2.700, 15.501,   60.4, 60.900, 624223.176
   2, F, suction_anchor ,  2.700, 15.691,   60.4, 61.646, 631869.409
   2, E, suction_anchor ,  2.700, 15.705,   60.4, 61.698, 632405.467
   2, D, suction_anchor ,  2.700, 15.783,   60.4, 62.007, 635567.331
   2, C, suction_anchor ,  2.700, 15.811,   60.4, 62.115, 636674.043
   2, B, suction_anchor ,  2.700, 15.661,   60.4, 61.526, 630640.648
   1, F, suction_anchor ,  2.700, 16.006,   60.4, 62.882, 644544.162
   9, E, suction_anchor ,  2.700, 15.959,   60.4, 62.699, 642664.466
   2, A, suction_anchor ,  2.700, 15.583,   60.4, 61.221, 627516.149
   3, D, suction_anchor ,  2.700, 15.475,   60.4, 60.797, 623165.277
   1, C, suction_anchor ,  2.700, 15.961,   60.4, 62.705, 642731.161
   1, B, suction_anchor ,  2.700, 15.965,   60.4, 62.722, 642903.731
   1, A, suction_anchor ,  2.700, 15.959,   60.4, 62.698, 642654.082
  40, C, suction_anchor ,  2.700, 16.066,   60.4, 63.116, 646939.720
   4, A, suction_anchor ,  2.700, 15.541,   60.4, 61.053, 625797.012
   4, B, suction_anchor ,  2.700, 15.609,   60.4, 61.321, 628540.866
   5, A, suction_anchor ,  2.700, 15.768,   60.4, 61.946, 634943.735
   5, B, suction_anchor ,  2.700, 15.764,   60.4, 61.932, 634798.551
   5, E, suction_anchor ,  2.700, 15.821,   60.4, 62.154, 637077.597
   5, F, suction_anchor ,  2.700, 15.800,   60.4, 62.072, 636239.573
   9, F, suction_anchor ,  2.700, 15.961,   60.4, 62.706, 642741.452
   1, D, suction_anchor ,  2.700, 15.940,   60.4, 62.624, 641892.302
  40, D, suction_anchor ,  2.700, 16.040,   60.4, 63.016, 645915.105
  17, A, suction_anchor ,  2.700, 15.545,   60.4, 61.069, 625958.053
  13, D, suction_anchor ,  2.700, 14.734,   60.4, 57.886, 593330.197
  12, C, suction_anchor ,  2.700, 14.398,   60.4, 56.566, 579798.467
  11, D, suction_anchor ,  2.700, 14.386,   60.4, 56.518, 579311.516
  11, C, suction_anchor ,  2.700, 14.313,   60.4, 56.229, 576350.696
  12, D, suction_anchor ,  2.700, 14.525,   60.4, 57.062, 584885.928
  12, E, suction_anchor ,  2.700, 15.751,   60.4, 61.879, 634262.837
  14, C, suction_anchor ,  2.700, 14.736,   60.4, 57.893, 593404.846
  12, F, suction_anchor ,  2.700, 15.758,   60.4, 61.908, 634553.627
  15, D, suction_anchor ,  2.700, 15.562,   60.4, 61.138, 626660.131
  18, C, suction_anchor ,  2.700, 15.590,   60.4, 61.248, 627791.631
  17, D, suction_anchor ,  2.700, 15.620,   60.4, 61.367, 629010.200
  10, F, suction_anchor ,  2.700, 15.786,   60.4, 62.019, 635696.175
  17, C, suction_anchor ,  2.700, 15.640,   60.4, 61.443, 629786.770
  16, D, suction_anchor ,  2.700, 16.086,   60.4, 63.196, 647754.036
  16, C, suction_anchor ,  2.700, 15.274,   60.4, 60.007, 615072.183
  15, C, suction_anchor ,  2.700, 15.028,   60.4, 59.038, 605140.060
  13, C, suction_anchor ,  2.700, 14.527,   60.4, 57.070, 584972.042
  14, F, suction_anchor ,  2.700, 16.053,   60.4, 63.066, 646428.646
  14, E, suction_anchor ,  2.700, 16.068,   60.4, 63.126, 647042.014
  14, D, suction_anchor ,  2.700, 15.102,   60.4, 59.331, 608141.888
  10, E, suction_anchor ,  2.700, 15.769,   60.4, 61.951, 634997.568
  13, F, suction_anchor ,  2.700, 15.878,   60.4, 62.380, 639390.270
  13, E, suction_anchor ,  2.700, 15.871,   60.4, 62.352, 639104.386
  17, B, suction_anchor ,  2.700, 15.611,   60.4, 61.332, 628651.639
   6, A, suction_anchor ,  2.700, 15.925,   60.4, 62.565, 641289.438
   6, D, suction_anchor ,  2.700, 15.544,   60.4, 61.068, 625947.918
   6, E, suction_anchor ,  2.700, 16.026,   60.4, 62.961, 645346.337
  29, E, suction_anchor ,  2.700, 15.804,   60.4, 62.090, 636419.844
  38, D, suction_anchor ,  2.700, 15.523,   60.4, 60.986, 625105.529
  38, C, suction_anchor ,  2.700, 15.545,   60.4, 61.072, 625990.776
  24, C, suction_anchor ,  2.700, 16.150,   60.4, 63.446, 650322.875
  23, D, suction_anchor ,  2.700, 15.817,   60.4, 62.139, 636924.398
  39, D, suction_anchor ,  2.700, 15.764,   60.4, 61.932, 634802.542
  20, A, suction_anchor ,  2.700, 15.512,   60.4, 60.941, 624646.883
  20, B, suction_anchor ,  2.700, 15.573,   60.4, 61.182, 627112.727
  39, C, suction_anchor ,  2.700, 15.789,   60.4, 62.029, 635796.839
   6, B, suction_anchor ,  2.700, 15.912,   60.4, 62.513, 640757.638
  39, A, suction_anchor ,  2.700, 16.071,   60.4, 63.135, 647138.398
  21, A, suction_anchor ,  2.700, 15.652,   60.4, 61.490, 630273.806
  21, B, suction_anchor ,  2.700, 15.721,   60.4, 61.761, 633051.878
  21, C, suction_anchor ,  2.700, 15.498,   60.4, 60.887, 624093.061
  21, D, suction_anchor ,  2.700, 15.475,   60.4, 60.797, 623172.494
  22, A, suction_anchor ,  2.700, 15.950,   60.4, 62.663, 642292.990
  22, B, suction_anchor ,  2.700, 15.940,   60.4, 62.621, 641865.344
  22, C, suction_anchor ,  2.700, 15.630,   60.4, 61.404, 629391.330
  22, D, suction_anchor ,  2.700, 15.603,   60.4, 61.298, 628303.984
  23, C, suction_anchor ,  2.700, 15.846,   60.4, 62.253, 638097.731
  29, F, suction_anchor ,  2.700, 15.808,   60.4, 62.106, 636584.059
  29, D, suction_anchor ,  2.700, 14.704,   60.4, 57.767, 592111.981
  29, C, suction_anchor ,  2.700, 14.511,   60.4, 57.008, 584328.781
  39, B, suction_anchor ,  2.700, 16.070,   60.4, 63.131, 647097.163
  30, E, suction_anchor ,  2.700, 16.047,   60.4, 63.042, 646179.837
  30, D, suction_anchor ,  2.700, 15.023,   60.4, 59.022, 604972.219
   6, F, suction_anchor ,  2.700, 16.016,   60.4, 62.921, 644936.217
   7, C, suction_anchor ,  2.700, 15.791,   60.4, 62.038, 635887.460
   7, D, suction_anchor ,  2.700, 15.762,   60.4, 61.923, 634709.238
  19, C, suction_anchor ,  2.700, 15.447,   60.4, 60.685, 622024.511
   9, C, suction_anchor ,  2.700, 14.360,   60.4, 56.414, 578247.386
  18, D, suction_anchor ,  2.700, 15.575,   60.4, 61.190, 627193.810
   6, C, suction_anchor ,  2.700, 15.575,   60.4, 61.189, 627192.155
  19, D, suction_anchor ,  2.700, 15.428,   60.4, 60.610, 621253.441
  24, D, suction_anchor ,  2.700, 16.122,   60.4, 63.337, 649206.795
  30, C, suction_anchor ,  2.700, 14.689,   60.4, 57.708, 591508.153
   9, D, suction_anchor ,  2.700, 14.465,   60.4, 56.827, 582472.251
  38, A, suction_anchor ,  2.700, 15.823,   60.4, 62.165, 637187.417
  38, B, suction_anchor ,  2.700, 15.820,   60.4, 62.150, 637033.841
  31, C, suction_anchor ,  2.700, 14.910,   60.4, 58.574, 600387.601
  28, D, suction_anchor ,  2.700, 14.446,   60.4, 56.752, 581706.778
  28, C, suction_anchor ,  2.700, 14.353,   60.4, 56.387, 577966.513
  31, D, suction_anchor ,  2.700, 15.433,   60.4, 60.631, 621470.726
  30, F, suction_anchor ,  2.700, 16.033,   60.4, 62.987, 645621.169
  32, D, suction_anchor ,  2.700, 16.020,   60.4, 62.935, 645088.087
  37, A, suction_anchor ,  2.700, 15.606,   60.4, 61.311, 628440.054
  37, B, suction_anchor ,  2.700, 15.599,   60.4, 61.285, 628169.517
  32, C, suction_anchor ,  2.700, 15.244,   60.4, 59.889, 613863.171
  23, B, suction_anchor ,  2.900, 15.548,   64.3, 69.969, 717181.140
  32, F, suction_anchor ,  2.900, 15.949,   64.3, 71.772, 735661.094
  32, E, suction_anchor ,  2.900, 15.942,   64.3, 71.743, 735360.690
  31, F, suction_anchor ,  2.900, 15.630,   64.3, 70.335, 720929.924
  31, E, suction_anchor ,  2.900, 15.622,   64.3, 70.301, 720588.711
   7, E, suction_anchor ,  2.900, 15.847,   64.3, 71.313, 730962.162
  24, B, suction_anchor ,  2.900, 15.880,   64.3, 71.463, 732498.255
  24, A, suction_anchor ,  2.900, 15.890,   64.3, 71.508, 732960.373
   7, F, suction_anchor ,  2.900, 15.836,   64.3, 71.262, 730436.759
   8, A, suction_anchor ,  2.900, 16.155,   64.3, 72.698, 745156.421
  23, A, suction_anchor ,  2.900, 15.560,   64.3, 70.023, 717736.428
   7, A, suction_anchor ,  2.900, 15.658,   64.3, 70.462, 722236.436
  15, F, suction_anchor ,  2.900, 15.662,   64.3, 70.480, 722424.620
   8, B, suction_anchor ,  2.900, 16.092,   64.3, 72.418, 742279.867
  16, E, suction_anchor ,  2.900, 16.097,   64.3, 72.438, 742493.409
  16, F, suction_anchor ,  2.900, 16.105,   64.3, 72.476, 742879.536
   8, D, suction_anchor ,  2.900, 15.611,   64.3, 70.251, 720077.102
   8, E, suction_anchor ,  2.900, 16.385,   64.3, 73.733, 755762.844
   8, F, suction_anchor ,  2.900, 16.375,   64.3, 73.691, 755333.095
  40, A, suction_anchor ,  2.900, 15.679,   64.3, 70.555, 723189.172
  40, B, suction_anchor ,  2.900, 15.681,   64.3, 70.564, 723280.244
   7, B, suction_anchor ,  2.900, 15.642,   64.3, 70.390, 721497.801
  15, E, suction_anchor ,  2.900, 15.696,   64.3, 70.634, 723994.605
   8, C, suction_anchor ,  2.900, 15.630,   64.3, 70.335, 720932.974
