,cost_multiplier,agent,action,duration,cost,level,time,phase,site_depth,hub_height,phase_name,num_vessels,num_ahts_vessels,location,max_waveheight,max_windspeed,transit_speed
1,,Substructure Assembly Line 1,Substructure Assembly,0.0,0.0,ACTION,0.0,GravityBasedInstallation,,,,,,,,,
2,,Substructure Assembly Line 1,Substructure Assembly,0.0,0.0,ACTION,0.0,GravityBasedInstallation,,,,,,,,,
3,,Substructure Assembly Line 1,Substructure Assembly,0.0,0.0,ACTION,0.0,GravityBasedInstallation,,,,,,,,,
4,,Substructure Assembly Line 1,Substructure Assembly,0.0,0.0,ACTION,0.0,GravityBasedInstallation,,,,,,,,,
22,,Towing Group 1,Tow Substructure,20.0,93790.0,ACTION,20.0,GravityBasedInstallation,,,,3.0,0.0,,,,
23,0.5,Multi-Purpose AHTS Vessel,Mobilize,72.0,160780.5,ACTION,20.0,GravityBasedInstallation,,,,,,,,,
25,,Multi-Purpose AHTS Vessel,Transit,3.0,13398.375,ACTION,23.0,GravityBasedInstallation,,,,,,,,,
26,,Multi-Purpose AHTS Vessel,Delay,1.0,4466.125,ACTION,24.0,GravityBasedInstallation,,,,,,,,,
31,,Multi-Purpose AHTS Vessel,Transit,1.0,4466.125,ACTION,25.0,GravityBasedInstallation,,,,,,,,,
32,,Multi-Purpose AHTS Vessel,Delay,1.0,4466.125,ACTION,26.0,GravityBasedInstallation,,,,,,,,,
36,,Multi-Purpose AHTS Vessel,Transit,4.571428571428571,20416.571428571428,ACTION,30.57142857142857,GravityBasedInstallation,,,,,,,,,
42,,Multi-Purpose AHTS Vessel,Position Substructure,5.0,22330.625,ACTION,35.57142857142857,GravityBasedInstallation,,,,,,,,,
43,,Multi-Purpose AHTS Vessel,ROV Survey,1.0,4466.125,ACTION,36.57142857142857,GravityBasedInstallation,,,,,,,,,
53,,Multi-Purpose AHTS Vessel,Pump Ballast,12.0,53593.5,ACTION,48.57142857142857,GravityBasedInstallation,,,,,,,,,
62,,Multi-Purpose AHTS Vessel,Grout GBF,6.0,26796.75,ACTION,54.57142857142857,GravityBasedInstallation,,,,,,,,,
63,,Towing Group 1,Positioning Support,34.57142857142857,54040.90476190476,ACTION,54.57142857142857,GravityBasedInstallation,,,,1.0,,site,,,
77,,Towing Group 1,Transit,8.571428571428571,40195.71428571428,ACTION,63.14285714285714,GravityBasedInstallation,,,,3.0,0.0,,,,
78,,Substructure Assembly Line 1,Delay: No Substructure Storage Available,63.14299999994354,0.0,ACTION,63.14299999994354,GravityBasedInstallation,,,,,,,,,
79,,Substructure Assembly Line 1,Substructure Assembly,0.0,0.0,ACTION,63.14299999994354,GravityBasedInstallation,,,,,,,,,
91,,Towing Group 1,Tow Substructure,20.0,93790.0,ACTION,83.14285714285714,GravityBasedInstallation,,,,3.0,0.0,,,,
92,,Multi-Purpose AHTS Vessel,Delay: Not enough vessels for gravity foundations,28.57142857142857,127603.57142857142,ACTION,83.14285714285714,GravityBasedInstallation,,,,,,Site,,,
100,,Multi-Purpose AHTS Vessel,Delay,15.0,66991.875,ACTION,98.14285714285714,GravityBasedInstallation,,,,,,,,,
110,,Multi-Purpose AHTS Vessel,Position Substructure,5.0,22330.625,ACTION,103.14285714285714,GravityBasedInstallation,,,,,,,,,
112,,Multi-Purpose AHTS Vessel,ROV Survey,1.0,4466.125,ACTION,104.14285714285714,GravityBasedInstallation,,,,,,,,,
123,,Multi-Purpose AHTS Vessel,Pump Ballast,12.0,53593.5,ACTION,116.14285714285714,GravityBasedInstallation,,,,,,,,,
128,,Multi-Purpose AHTS Vessel,Grout GBF,6.0,26796.75,ACTION,122.14285714285714,GravityBasedInstallation,,,,,,,,,
129,,Towing Group 1,Positioning Support,39.0,60963.5,ACTION,122.14285714285714,GravityBasedInstallation,,,,1.0,,site,,,
136,,Towing Group 1,Transit,8.571428571428571,40195.71428571428,ACTION,130.71428571428572,GravityBasedInstallation,,,,3.0,0.0,,,,
137,,Substructure Assembly Line 1,Delay: No Substructure Storage Available,67.57200000031655,0.0,ACTION,130.7150000002601,GravityBasedInstallation,,,,,,,,,
138,,Substructure Assembly Line 1,Substructure Assembly,0.0,0.0,ACTION,130.7150000002601,GravityBasedInstallation,,,,,,,,,
153,,Towing Group 1,Tow Substructure,20.0,93790.0,ACTION,150.71428571428572,GravityBasedInstallation,,,,3.0,0.0,,,,
154,,Multi-Purpose AHTS Vessel,Delay: Not enough vessels for gravity foundations,28.571428571428584,127603.57142857148,ACTION,150.71428571428572,GravityBasedInstallation,,,,,,Site,,,
158,,Multi-Purpose AHTS Vessel,Position Substructure,5.0,22330.625,ACTION,155.71428571428572,GravityBasedInstallation,,,,,,,,,
161,,Multi-Purpose AHTS Vessel,ROV Survey,1.0,4466.125,ACTION,156.71428571428572,GravityBasedInstallation,,,,,,,,,
174,,Multi-Purpose AHTS Vessel,Delay,35.0,156314.375,ACTION,191.71428571428572,GravityBasedInstallation,,,,,,,,,
183,,Multi-Purpose AHTS Vessel,Pump Ballast,12.0,53593.5,ACTION,203.71428571428572,GravityBasedInstallation,,,,,,,,,
187,,Multi-Purpose AHTS Vessel,Grout GBF,6.0,26796.75,ACTION,209.71428571428572,GravityBasedInstallation,,,,,,,,,
188,,Towing Group 1,Positioning Support,59.0,92226.83333333334,ACTION,209.71428571428572,GravityBasedInstallation,,,,1.0,,site,,,
190,,Towing Group 1,Transit,8.571428571428571,40195.71428571428,ACTION,218.2857142857143,GravityBasedInstallation,,,,3.0,0.0,,,,
191,,Substructure Assembly Line 1,Delay: No Substructure Storage Available,87.57100000041814,0.0,ACTION,218.28600000067823,GravityBasedInstallation,,,,,,,,,
192,,Substructure Assembly Line 1,Substructure Assembly,0.0,0.0,ACTION,218.28600000067823,GravityBasedInstallation,,,,,,,,,
205,,Towing Group 1,Tow Substructure,20.0,93790.0,ACTION,238.2857142857143,GravityBasedInstallation,,,,3.0,0.0,,,,
206,,Multi-Purpose AHTS Vessel,Delay: Not enough vessels for gravity foundations,28.571428571428584,127603.57142857148,ACTION,238.2857142857143,GravityBasedInstallation,,,,,,Site,,,
215,,Multi-Purpose AHTS Vessel,Delay,12.0,53593.5,ACTION,250.2857142857143,GravityBasedInstallation,,,,,,,,,
220,,Multi-Purpose AHTS Vessel,Position Substructure,5.0,22330.625,ACTION,255.2857142857143,GravityBasedInstallation,,,,,,,,,
221,,Multi-Purpose AHTS Vessel,ROV Survey,1.0,4466.125,ACTION,256.28571428571433,GravityBasedInstallation,,,,,,,,,
230,,Multi-Purpose AHTS Vessel,Pump Ballast,12.0,53593.5,ACTION,268.28571428571433,GravityBasedInstallation,,,,,,,,,
234,,Multi-Purpose AHTS Vessel,Grout GBF,6.0,26796.75,ACTION,274.28571428571433,GravityBasedInstallation,,,,,,,,,
235,,Towing Group 1,Positioning Support,36.00000000000003,56274.000000000044,ACTION,274.28571428571433,GravityBasedInstallation,,,,1.0,,site,,,
239,,Towing Group 1,Transit,8.571428571428571,40195.71428571428,ACTION,282.8571428571429,GravityBasedInstallation,,,,3.0,0.0,,,,
240,,Substructure Assembly Line 1,Delay: No Substructure Storage Available,64.57199999954494,0.0,ACTION,282.85800000022317,GravityBasedInstallation,,,,,,,,,
241,,Substructure Assembly Line 1,Substructure Assembly,0.0,0.0,ACTION,282.85800000022317,GravityBasedInstallation,,,,,,,,,
258,,Towing Group 1,Tow Substructure,20.0,93790.0,ACTION,302.8571428571429,GravityBasedInstallation,,,,3.0,0.0,,,,
259,,Multi-Purpose AHTS Vessel,Delay: Not enough vessels for gravity foundations,28.571428571428555,127603.57142857136,ACTION,302.8571428571429,GravityBasedInstallation,,,,,,Site,,,
263,,Multi-Purpose AHTS Vessel,Position Substructure,5.0,22330.625,ACTION,307.8571428571429,GravityBasedInstallation,,,,,,,,,
265,,Multi-Purpose AHTS Vessel,ROV Survey,1.0,4466.125,ACTION,308.8571428571429,GravityBasedInstallation,,,,,,,,,
278,,Multi-Purpose AHTS Vessel,Delay,11.0,49127.375,ACTION,319.8571428571429,GravityBasedInstallation,,,,,,,,,
287,,Multi-Purpose AHTS Vessel,Pump Ballast,12.0,53593.5,ACTION,331.8571428571429,GravityBasedInstallation,,,,,,,,,
293,,Multi-Purpose AHTS Vessel,Grout GBF,6.0,26796.75,ACTION,337.8571428571429,GravityBasedInstallation,,,,,,,,,
294,,Towing Group 1,Positioning Support,35.0,54710.833333333336,ACTION,337.8571428571429,GravityBasedInstallation,,,,1.0,,site,,,
299,,Towing Group 1,Transit,8.571428571428571,40195.71428571428,ACTION,346.42857142857144,GravityBasedInstallation,,,,3.0,0.0,,,,
300,,Substructure Assembly Line 1,Delay: No Substructure Storage Available,63.570999998496745,0.0,ACTION,346.4289999987199,GravityBasedInstallation,,,,,,,,,
301,,Substructure Assembly Line 1,Substructure Assembly,0.0,0.0,ACTION,346.4289999987199,GravityBasedInstallation,,,,,,,,,
315,,Towing Group 1,Tow Substructure,20.0,93790.0,ACTION,366.42857142857144,GravityBasedInstallation,,,,3.0,0.0,,,,
316,,Multi-Purpose AHTS Vessel,Delay: Not enough vessels for gravity foundations,28.571428571428555,127603.57142857136,ACTION,366.42857142857144,GravityBasedInstallation,,,,,,Site,,,
321,,Multi-Purpose AHTS Vessel,Position Substructure,5.0,22330.625,ACTION,371.42857142857144,GravityBasedInstallation,,,,,,,,,
322,,Multi-Purpose AHTS Vessel,ROV Survey,1.0,4466.125,ACTION,372.42857142857144,GravityBasedInstallation,,,,,,,,,
330,,Multi-Purpose AHTS Vessel,Delay,4.0,17864.5,ACTION,376.42857142857144,GravityBasedInstallation,,,,,,,,,
336,,Multi-Purpose AHTS Vessel,Pump Ballast,12.0,53593.5,ACTION,388.42857142857144,GravityBasedInstallation,,,,,,,,,
339,,Multi-Purpose AHTS Vessel,Grout GBF,6.0,26796.75,ACTION,394.42857142857144,GravityBasedInstallation,,,,,,,,,
340,,Towing Group 1,Positioning Support,28.0,43768.66666666667,ACTION,394.42857142857144,GravityBasedInstallation,,,,1.0,,site,,,
346,,Towing Group 1,Transit,8.571428571428571,40195.71428571428,ACTION,403.0,GravityBasedInstallation,,,,3.0,0.0,,,,
347,,Substructure Assembly Line 1,Delay: No Substructure Storage Available,56.57199999866225,0.0,ACTION,403.00099999738217,GravityBasedInstallation,,,,,,,,,
348,,Substructure Assembly Line 1,Substructure Assembly,0.0,0.0,ACTION,403.00099999738217,GravityBasedInstallation,,,,,,,,,
362,,Towing Group 1,Tow Substructure,20.0,93790.0,ACTION,423.0,GravityBasedInstallation,,,,3.0,0.0,,,,
363,,Multi-Purpose AHTS Vessel,Delay: Not enough vessels for gravity foundations,28.571428571428555,127603.57142857136,ACTION,423.0,GravityBasedInstallation,,,,,,Site,,,
364,,Multi-Purpose AHTS Vessel,Position Substructure,5.0,22330.625,ACTION,428.0,GravityBasedInstallation,,,,,,,,,
366,,Multi-Purpose AHTS Vessel,ROV Survey,1.0,4466.125,ACTION,429.0,GravityBasedInstallation,,,,,,,,,
376,,Multi-Purpose AHTS Vessel,Pump Ballast,12.0,53593.5,ACTION,441.0,GravityBasedInstallation,,,,,,,,,
381,,Multi-Purpose AHTS Vessel,Grout GBF,6.0,26796.75,ACTION,447.0,GravityBasedInstallation,,,,,,,,,
382,,Towing Group 1,Positioning Support,24.0,37516.0,ACTION,447.0,GravityBasedInstallation,,,,1.0,,site,,,
387,,Towing Group 1,Transit,8.571428571428571,40195.71428571428,ACTION,455.57142857142856,GravityBasedInstallation,,,,3.0,0.0,,,,
388,,Substructure Assembly Line 1,Delay: No Substructure Storage Available,52.57099999875686,0.0,ACTION,455.571999996139,GravityBasedInstallation,,,,,,,,,
389,,Substructure Assembly Line 1,Substructure Assembly,0.0,0.0,ACTION,455.571999996139,GravityBasedInstallation,,,,,,,,,
403,,Towing Group 1,Tow Substructure,20.0,93790.0,ACTION,475.57142857142856,GravityBasedInstallation,,,,3.0,0.0,,,,
404,,Multi-Purpose AHTS Vessel,Delay: Not enough vessels for gravity foundations,28.571428571428555,127603.57142857136,ACTION,475.57142857142856,GravityBasedInstallation,,,,,,Site,,,
409,,Multi-Purpose AHTS Vessel,Position Substructure,5.0,22330.625,ACTION,480.57142857142856,GravityBasedInstallation,,,,,,,,,
410,,Multi-Purpose AHTS Vessel,ROV Survey,1.0,4466.125,ACTION,481.57142857142856,GravityBasedInstallation,,,,,,,,,
423,,Multi-Purpose AHTS Vessel,Pump Ballast,12.0,53593.5,ACTION,493.57142857142856,GravityBasedInstallation,,,,,,,,,
431,,Multi-Purpose AHTS Vessel,Grout GBF,6.0,26796.75,ACTION,499.57142857142856,GravityBasedInstallation,,,,,,,,,
432,,Towing Group 1,Positioning Support,24.0,37516.0,ACTION,499.57142857142856,GravityBasedInstallation,,,,1.0,,site,,,
437,,Towing Group 1,Transit,8.571428571428571,40195.71428571428,ACTION,508.1428571428571,GravityBasedInstallation,,,,3.0,0.0,,,,
438,,Substructure Assembly Line 1,Delay: No Substructure Storage Available,52.57099999875686,0.0,ACTION,508.1429999948959,GravityBasedInstallation,,,,,,,,,
439,,Substructure Assembly Line 1,Substructure Assembly,0.0,0.0,ACTION,508.1429999948959,GravityBasedInstallation,,,,,,,,,
440,,Towing Group 1,Tow Substructure,20.0,93790.0,ACTION,528.1428571428571,GravityBasedInstallation,,,,3.0,0.0,,,,
441,,Multi-Purpose AHTS Vessel,Delay: Not enough vessels for gravity foundations,28.571428571428555,127603.57142857136,ACTION,528.1428571428571,GravityBasedInstallation,,,,,,Site,,,
447,,Multi-Purpose AHTS Vessel,Delay,79.0,352823.875,ACTION,607.1428571428571,GravityBasedInstallation,,,,,,,,,
453,,Multi-Purpose AHTS Vessel,Position Substructure,5.0,22330.625,ACTION,612.1428571428571,GravityBasedInstallation,,,,,,,,,
455,,Multi-Purpose AHTS Vessel,ROV Survey,1.0,4466.125,ACTION,613.1428571428571,GravityBasedInstallation,,,,,,,,,
463,,Multi-Purpose AHTS Vessel,Pump Ballast,12.0,53593.5,ACTION,625.1428571428571,GravityBasedInstallation,,,,,,,,,
466,,Multi-Purpose AHTS Vessel,Grout GBF,6.0,26796.75,ACTION,631.1428571428571,GravityBasedInstallation,,,,,,,,,
467,,Towing Group 1,Positioning Support,103.0,161006.1666666667,ACTION,631.1428571428571,GravityBasedInstallation,,,,1.0,,site,,,
472,,Towing Group 1,Transit,8.571428571428571,40195.71428571428,ACTION,639.7142857142857,GravityBasedInstallation,,,,3.0,0.0,,,,
473,,Substructure Assembly Line 1,Delay: No Substructure Storage Available,131.5719999968888,0.0,ACTION,639.7149999917847,GravityBasedInstallation,,,,,,,,,
474,,Substructure Assembly Line 1,Substructure Assembly,0.0,0.0,ACTION,639.7149999917847,GravityBasedInstallation,,,,,,,,,
489,,Towing Group 1,Tow Substructure,20.0,93790.0,ACTION,659.7142857142857,GravityBasedInstallation,,,,3.0,0.0,,,,
490,,Multi-Purpose AHTS Vessel,Delay: Not enough vessels for gravity foundations,28.571428571428555,127603.57142857136,ACTION,659.7142857142857,GravityBasedInstallation,,,,,,Site,,,
493,,Multi-Purpose AHTS Vessel,Position Substructure,5.0,22330.625,ACTION,664.7142857142857,GravityBasedInstallation,,,,,,,,,
495,,Multi-Purpose AHTS Vessel,ROV Survey,1.0,4466.125,ACTION,665.7142857142857,GravityBasedInstallation,,,,,,,,,
502,,Multi-Purpose AHTS Vessel,Pump Ballast,12.0,53593.5,ACTION,677.7142857142857,GravityBasedInstallation,,,,,,,,,
505,,Multi-Purpose AHTS Vessel,Grout GBF,6.0,26796.75,ACTION,683.7142857142857,GravityBasedInstallation,,,,,,,,,
506,,Towing Group 1,Positioning Support,24.0,37516.0,ACTION,683.7142857142857,GravityBasedInstallation,,,,1.0,,site,,,
515,,Towing Group 1,Transit,8.571428571428571,40195.71428571428,ACTION,692.2857142857142,GravityBasedInstallation,,,,3.0,0.0,,,,
516,,Substructure Assembly Line 1,Delay: No Substructure Storage Available,52.57099999875686,0.0,ACTION,692.2859999905415,GravityBasedInstallation,,,,,,,,,
517,,Substructure Assembly Line 1,Substructure Assembly,0.0,0.0,ACTION,692.2859999905415,GravityBasedInstallation,,,,,,,,,
528,,Towing Group 1,Tow Substructure,20.0,93790.0,ACTION,712.2857142857142,GravityBasedInstallation,,,,3.0,0.0,,,,
529,,Multi-Purpose AHTS Vessel,Delay: Not enough vessels for gravity foundations,28.571428571428555,127603.57142857136,ACTION,712.2857142857142,GravityBasedInstallation,,,,,,Site,,,
534,,Multi-Purpose AHTS Vessel,Position Substructure,5.0,22330.625,ACTION,717.2857142857142,GravityBasedInstallation,,,,,,,,,
535,,Multi-Purpose AHTS Vessel,ROV Survey,1.0,4466.125,ACTION,718.2857142857142,GravityBasedInstallation,,,,,,,,,
542,,Multi-Purpose AHTS Vessel,Pump Ballast,12.0,53593.5,ACTION,730.2857142857142,GravityBasedInstallation,,,,,,,,,
547,,Multi-Purpose AHTS Vessel,Grout GBF,6.0,26796.75,ACTION,736.2857142857142,GravityBasedInstallation,,,,,,,,,
548,,Towing Group 1,Positioning Support,24.0,37516.0,ACTION,736.2857142857142,GravityBasedInstallation,,,,1.0,,site,,,
555,,Towing Group 1,Transit,8.571428571428571,40195.71428571428,ACTION,744.8571428571428,GravityBasedInstallation,,,,3.0,0.0,,,,
556,,Substructure Assembly Line 1,Delay: No Substructure Storage Available,52.57199999875684,0.0,ACTION,744.8579999892984,GravityBasedInstallation,,,,,,,,,
557,,Substructure Assembly Line 1,Substructure Assembly,0.0,0.0,ACTION,744.8579999892984,GravityBasedInstallation,,,,,,,,,
576,,Towing Group 1,Tow Substructure,20.0,93790.0,ACTION,764.8571428571428,GravityBasedInstallation,,,,3.0,0.0,,,,
577,,Multi-Purpose AHTS Vessel,Delay: Not enough vessels for gravity foundations,28.571428571428555,127603.57142857136,ACTION,764.8571428571428,GravityBasedInstallation,,,,,,Site,,,
581,,Multi-Purpose AHTS Vessel,Position Substructure,5.0,22330.625,ACTION,769.8571428571428,GravityBasedInstallation,,,,,,,,,
583,,Multi-Purpose AHTS Vessel,ROV Survey,1.0,4466.125,ACTION,770.8571428571428,GravityBasedInstallation,,,,,,,,,
605,,Multi-Purpose AHTS Vessel,Delay,51.0,227772.375,ACTION,821.8571428571428,GravityBasedInstallation,,,,,,,,,
612,,Multi-Purpose AHTS Vessel,Pump Ballast,12.0,53593.5,ACTION,833.8571428571428,GravityBasedInstallation,,,,,,,,,
618,,Multi-Purpose AHTS Vessel,Grout GBF,6.0,26796.75,ACTION,839.8571428571428,GravityBasedInstallation,,,,,,,,,
619,,Towing Group 1,Positioning Support,75.0,117237.5,ACTION,839.8571428571428,GravityBasedInstallation,,,,1.0,,site,,,
623,,Towing Group 1,Transit,8.571428571428571,40195.71428571428,ACTION,848.4285714285713,GravityBasedInstallation,,,,3.0,0.0,,,,
624,,Substructure Assembly Line 1,Delay: No Substructure Storage Available,103.57099999755087,0.0,ACTION,848.4289999868492,GravityBasedInstallation,,,,,,,,,
625,,Substructure Assembly Line 1,Substructure Assembly,0.0,0.0,ACTION,848.4289999868492,GravityBasedInstallation,,,,,,,,,
641,,Towing Group 1,Tow Substructure,20.0,93790.0,ACTION,868.4285714285713,GravityBasedInstallation,,,,3.0,0.0,,,,
642,,Multi-Purpose AHTS Vessel,Delay: Not enough vessels for gravity foundations,28.571428571428555,127603.57142857136,ACTION,868.4285714285713,GravityBasedInstallation,,,,,,Site,,,
647,,Multi-Purpose AHTS Vessel,Position Substructure,5.0,22330.625,ACTION,873.4285714285713,GravityBasedInstallation,,,,,,,,,
648,,Multi-Purpose AHTS Vessel,ROV Survey,1.0,4466.125,ACTION,874.4285714285713,GravityBasedInstallation,,,,,,,,,
663,,Multi-Purpose AHTS Vessel,Delay,45.0,200975.625,ACTION,919.4285714285713,GravityBasedInstallation,,,,,,,,,
670,,Multi-Purpose AHTS Vessel,Pump Ballast,12.0,53593.5,ACTION,931.4285714285713,GravityBasedInstallation,,,,,,,,,
676,,Multi-Purpose AHTS Vessel,Grout GBF,6.0,26796.75,ACTION,937.4285714285713,GravityBasedInstallation,,,,,,,,,
677,,Towing Group 1,Positioning Support,69.0,107858.5,ACTION,937.4285714285713,GravityBasedInstallation,,,,1.0,,site,,,
686,,Towing Group 1,Transit,8.571428571428571,40195.71428571428,ACTION,945.9999999999999,GravityBasedInstallation,,,,3.0,0.0,,,,
687,,Substructure Assembly Line 1,Delay: No Substructure Storage Available,97.57199999769273,0.0,ACTION,946.000999984542,GravityBasedInstallation,,,,,,,,,
688,,Substructure Assembly Line 1,Substructure Assembly,0.0,0.0,ACTION,946.000999984542,GravityBasedInstallation,,,,,,,,,
701,,Towing Group 1,Tow Substructure,20.0,93790.0,ACTION,965.9999999999999,GravityBasedInstallation,,,,3.0,0.0,,,,
702,,Multi-Purpose AHTS Vessel,Delay: Not enough vessels for gravity foundations,28.571428571428555,127603.57142857136,ACTION,965.9999999999999,GravityBasedInstallation,,,,,,Site,,,
706,,Multi-Purpose AHTS Vessel,Position Substructure,5.0,22330.625,ACTION,970.9999999999999,GravityBasedInstallation,,,,,,,,,
708,,Multi-Purpose AHTS Vessel,ROV Survey,1.0,4466.125,ACTION,971.9999999999999,GravityBasedInstallation,,,,,,,,,
716,,Multi-Purpose AHTS Vessel,Pump Ballast,12.0,53593.5,ACTION,983.9999999999999,GravityBasedInstallation,,,,,,,,,
721,,Multi-Purpose AHTS Vessel,Grout GBF,6.0,26796.75,ACTION,989.9999999999999,GravityBasedInstallation,,,,,,,,,
722,,Towing Group 1,Positioning Support,24.0,37516.0,ACTION,989.9999999999999,GravityBasedInstallation,,,,1.0,,site,,,
730,,Towing Group 1,Transit,8.571428571428571,40195.71428571428,ACTION,998.5714285714284,GravityBasedInstallation,,,,3.0,0.0,,,,
731,,Substructure Assembly Line 1,Delay: No Substructure Storage Available,52.57099999875686,0.0,ACTION,998.5719999832988,GravityBasedInstallation,,,,,,,,,
732,,Substructure Assembly Line 1,Substructure Assembly,0.0,0.0,ACTION,998.5719999832988,GravityBasedInstallation,,,,,,,,,
749,,Towing Group 1,Tow Substructure,20.0,93790.0,ACTION,1018.5714285714284,GravityBasedInstallation,,,,3.0,0.0,,,,
750,,Multi-Purpose AHTS Vessel,Delay: Not enough vessels for gravity foundations,28.571428571428555,127603.57142857136,ACTION,1018.5714285714284,GravityBasedInstallation,,,,,,Site,,,
757,,Multi-Purpose AHTS Vessel,Delay,33.0,147382.125,ACTION,1051.5714285714284,GravityBasedInstallation,,,,,,,,,
760,,Multi-Purpose AHTS Vessel,Position Substructure,5.0,22330.625,ACTION,1056.5714285714284,GravityBasedInstallation,,,,,,,,,
763,,Multi-Purpose AHTS Vessel,ROV Survey,1.0,4466.125,ACTION,1057.5714285714284,GravityBasedInstallation,,,,,,,,,
772,,Multi-Purpose AHTS Vessel,Pump Ballast,12.0,53593.5,ACTION,1069.5714285714284,GravityBasedInstallation,,,,,,,,,
776,,Multi-Purpose AHTS Vessel,Grout GBF,6.0,26796.75,ACTION,1075.5714285714284,GravityBasedInstallation,,,,,,,,,
777,,Towing Group 1,Positioning Support,57.0,89100.5,ACTION,1075.5714285714284,GravityBasedInstallation,,,,1.0,,site,,,
784,,Towing Group 1,Transit,8.571428571428571,40195.71428571428,ACTION,1084.142857142857,GravityBasedInstallation,,,,3.0,0.0,,,,
785,,Substructure Assembly Line 1,Delay: No Substructure Storage Available,85.57099999797651,0.0,ACTION,1084.1429999812754,GravityBasedInstallation,,,,,,,,,
786,,Substructure Assembly Line 1,Substructure Assembly,0.0,0.0,ACTION,1084.1429999812754,GravityBasedInstallation,,,,,,,,,
797,,Towing Group 1,Tow Substructure,20.0,93790.0,ACTION,1104.142857142857,GravityBasedInstallation,,,,3.0,0.0,,,,
798,,Multi-Purpose AHTS Vessel,Delay: Not enough vessels for gravity foundations,28.57142857142867,127603.57142857186,ACTION,1104.142857142857,GravityBasedInstallation,,,,,,Site,,,
800,,Multi-Purpose AHTS Vessel,Position Substructure,5.0,22330.625,ACTION,1109.142857142857,GravityBasedInstallation,,,,,,,,,
803,,Multi-Purpose AHTS Vessel,ROV Survey,1.0,4466.125,ACTION,1110.142857142857,GravityBasedInstallation,,,,,,,,,
813,,Multi-Purpose AHTS Vessel,Pump Ballast,12.0,53593.5,ACTION,1122.142857142857,GravityBasedInstallation,,,,,,,,,
819,,Multi-Purpose AHTS Vessel,Grout GBF,6.0,26796.75,ACTION,1128.142857142857,GravityBasedInstallation,,,,,,,,,
820,,Towing Group 1,Positioning Support,24.0,37516.0,ACTION,1128.142857142857,GravityBasedInstallation,,,,1.0,,site,,,
831,,Towing Group 1,Transit,8.571428571428571,40195.71428571428,ACTION,1136.7142857142858,GravityBasedInstallation,,,,3.0,0.0,,,,
832,,Substructure Assembly Line 1,Delay: No Substructure Storage Available,52.57199999875684,0.0,ACTION,1136.7149999800322,GravityBasedInstallation,,,,,,,,,
833,,Substructure Assembly Line 1,Substructure Assembly,0.0,0.0,ACTION,1136.7149999800322,GravityBasedInstallation,,,,,,,,,
845,,Towing Group 1,Tow Substructure,20.0,93790.0,ACTION,1156.7142857142858,GravityBasedInstallation,,,,3.0,0.0,,,,
846,,Multi-Purpose AHTS Vessel,Delay: Not enough vessels for gravity foundations,28.57142857142867,127603.57142857186,ACTION,1156.7142857142858,GravityBasedInstallation,,,,,,Site,,,
849,,Multi-Purpose AHTS Vessel,Position Substructure,5.0,22330.625,ACTION,1161.7142857142858,GravityBasedInstallation,,,,,,,,,
850,,Multi-Purpose AHTS Vessel,ROV Survey,1.0,4466.125,ACTION,1162.7142857142858,GravityBasedInstallation,,,,,,,,,
862,,Multi-Purpose AHTS Vessel,Delay,80.0,357290.0,ACTION,1242.7142857142858,GravityBasedInstallation,,,,,,,,,
871,,Multi-Purpose AHTS Vessel,Pump Ballast,12.0,53593.5,ACTION,1254.7142857142858,GravityBasedInstallation,,,,,,,,,
878,,Multi-Purpose AHTS Vessel,Grout GBF,6.0,26796.75,ACTION,1260.7142857142858,GravityBasedInstallation,,,,,,,,,
879,,Towing Group 1,Positioning Support,104.0,162569.33333333334,ACTION,1260.7142857142858,GravityBasedInstallation,,,,1.0,,site,,,
888,,Towing Group 1,Transit,8.571428571428571,40195.71428571428,ACTION,1269.2857142857144,GravityBasedInstallation,,,,3.0,0.0,,,,
889,,Substructure Assembly Line 1,Delay: No Substructure Storage Available,132.5709999968651,0.0,ACTION,1269.2859999768973,GravityBasedInstallation,,,,,,,,,
890,,Substructure Assembly Line 1,Substructure Assembly,0.0,0.0,ACTION,1269.2859999768973,GravityBasedInstallation,,,,,,,,,
894,,Towing Group 1,Tow Substructure,20.0,93790.0,ACTION,1289.2857142857144,GravityBasedInstallation,,,,3.0,0.0,,,,
895,,Multi-Purpose AHTS Vessel,Delay: Not enough vessels for gravity foundations,28.57142857142867,127603.57142857186,ACTION,1289.2857142857144,GravityBasedInstallation,,,,,,Site,,,
903,,Multi-Purpose AHTS Vessel,Delay,11.0,49127.375,ACTION,1300.2857142857144,GravityBasedInstallation,,,,,,,,,
906,,Multi-Purpose AHTS Vessel,Position Substructure,5.0,22330.625,ACTION,1305.2857142857144,GravityBasedInstallation,,,,,,,,,
908,,Multi-Purpose AHTS Vessel,ROV Survey,1.0,4466.125,ACTION,1306.2857142857144,GravityBasedInstallation,,,,,,,,,
914,,Multi-Purpose AHTS Vessel,Pump Ballast,12.0,53593.5,ACTION,1318.2857142857144,GravityBasedInstallation,,,,,,,,,
919,,Multi-Purpose AHTS Vessel,Grout GBF,6.0,26796.75,ACTION,1324.2857142857144,GravityBasedInstallation,,,,,,,,,
920,,Towing Group 1,Positioning Support,35.0,54710.833333333336,ACTION,1324.2857142857144,GravityBasedInstallation,,,,1.0,,site,,,
926,,Towing Group 1,Transit,8.571428571428571,40195.71428571428,ACTION,1332.8571428571431,GravityBasedInstallation,,,,3.0,0.0,,,,
927,,Substructure Assembly Line 1,Delay: No Substructure Storage Available,63.57199999849672,0.0,ACTION,1332.857999975394,GravityBasedInstallation,,,,,,,,,
928,,Substructure Assembly Line 1,Substructure Assembly,0.0,0.0,ACTION,1332.857999975394,GravityBasedInstallation,,,,,,,,,
942,,Towing Group 1,Tow Substructure,20.0,93790.0,ACTION,1352.8571428571431,GravityBasedInstallation,,,,3.0,0.0,,,,
943,,Multi-Purpose AHTS Vessel,Delay: Not enough vessels for gravity foundations,28.57142857142867,127603.57142857186,ACTION,1352.8571428571431,GravityBasedInstallation,,,,,,Site,,,
956,,Multi-Purpose AHTS Vessel,Delay,22.0,98254.75,ACTION,1374.8571428571431,GravityBasedInstallation,,,,,,,,,
958,,Multi-Purpose AHTS Vessel,Position Substructure,5.0,22330.625,ACTION,1379.8571428571431,GravityBasedInstallation,,,,,,,,,
960,,Multi-Purpose AHTS Vessel,ROV Survey,1.0,4466.125,ACTION,1380.8571428571431,GravityBasedInstallation,,,,,,,,,
968,,Multi-Purpose AHTS Vessel,Pump Ballast,12.0,53593.5,ACTION,1392.8571428571431,GravityBasedInstallation,,,,,,,,,
973,,Multi-Purpose AHTS Vessel,Grout GBF,6.0,26796.75,ACTION,1398.8571428571431,GravityBasedInstallation,,,,,,,,,
974,,Towing Group 1,Positioning Support,46.0,71905.66666666667,ACTION,1398.8571428571431,GravityBasedInstallation,,,,1.0,,site,,,
982,,Towing Group 1,Transit,8.571428571428571,40195.71428571428,ACTION,1407.4285714285718,GravityBasedInstallation,,,,3.0,0.0,,,,
983,,Substructure Assembly Line 1,Delay: No Substructure Storage Available,74.57099999823663,0.0,ACTION,1407.4289999736307,GravityBasedInstallation,,,,,,,,,
984,,Substructure Assembly Line 1,Substructure Assembly,0.0,0.0,ACTION,1407.4289999736307,GravityBasedInstallation,,,,,,,,,
986,,Towing Group 1,Tow Substructure,20.0,93790.0,ACTION,1427.4285714285718,GravityBasedInstallation,,,,3.0,0.0,,,,
987,,Multi-Purpose AHTS Vessel,Delay: Not enough vessels for gravity foundations,28.57142857142867,127603.57142857186,ACTION,1427.4285714285718,GravityBasedInstallation,,,,,,Site,,,
1002,,Multi-Purpose AHTS Vessel,Delay,78.0,348357.75,ACTION,1505.4285714285718,GravityBasedInstallation,,,,,,,,,
1006,,Multi-Purpose AHTS Vessel,Position Substructure,5.0,22330.625,ACTION,1510.4285714285718,GravityBasedInstallation,,,,,,,,,
1009,,Multi-Purpose AHTS Vessel,ROV Survey,1.0,4466.125,ACTION,1511.4285714285718,GravityBasedInstallation,,,,,,,,,
1014,,Multi-Purpose AHTS Vessel,Delay,3.0,13398.375,ACTION,1514.4285714285718,GravityBasedInstallation,,,,,,,,,
1023,,Multi-Purpose AHTS Vessel,Pump Ballast,12.0,53593.5,ACTION,1526.4285714285718,GravityBasedInstallation,,,,,,,,,
1025,,Multi-Purpose AHTS Vessel,Grout GBF,6.0,26796.75,ACTION,1532.4285714285718,GravityBasedInstallation,,,,,,,,,
1026,,Towing Group 1,Positioning Support,105.0,164132.5,ACTION,1532.4285714285718,GravityBasedInstallation,,,,1.0,,site,,,
1032,,Towing Group 1,Transit,8.571428571428571,40195.71428571428,ACTION,1541.0000000000005,GravityBasedInstallation,,,,3.0,0.0,,,,
1033,,Substructure Assembly Line 1,Delay: No Substructure Storage Available,133.57199999684144,0.0,ACTION,1541.000999970472,GravityBasedInstallation,,,,,,,,,
1034,,Substructure Assembly Line 1,Substructure Assembly,0.0,0.0,ACTION,1541.000999970472,GravityBasedInstallation,,,,,,,,,
1047,,Towing Group 1,Tow Substructure,20.0,93790.0,ACTION,1561.0000000000005,GravityBasedInstallation,,,,3.0,0.0,,,,
1048,,Multi-Purpose AHTS Vessel,Delay: Not enough vessels for gravity foundations,28.57142857142867,127603.57142857186,ACTION,1561.0000000000005,GravityBasedInstallation,,,,,,Site,,,
1050,,Multi-Purpose AHTS Vessel,Position Substructure,5.0,22330.625,ACTION,1566.0000000000005,GravityBasedInstallation,,,,,,,,,
1052,,Multi-Purpose AHTS Vessel,ROV Survey,1.0,4466.125,ACTION,1567.0000000000005,GravityBasedInstallation,,,,,,,,,
1078,,Multi-Purpose AHTS Vessel,Delay,105.0,468943.125,ACTION,1672.0000000000005,GravityBasedInstallation,,,,,,,,,
1088,,Multi-Purpose AHTS Vessel,Pump Ballast,12.0,53593.5,ACTION,1684.0000000000005,GravityBasedInstallation,,,,,,,,,
1093,,Multi-Purpose AHTS Vessel,Grout GBF,6.0,26796.75,ACTION,1690.0000000000005,GravityBasedInstallation,,,,,,,,,
1094,,Towing Group 1,Positioning Support,129.0,201648.5,ACTION,1690.0000000000005,GravityBasedInstallation,,,,1.0,,site,,,
1101,,Towing Group 1,Transit,8.571428571428571,40195.71428571428,ACTION,1698.5714285714291,GravityBasedInstallation,,,,3.0,0.0,,,,
1102,,Substructure Assembly Line 1,Delay: No Substructure Storage Available,157.57099999627394,0.0,ACTION,1698.571999966746,GravityBasedInstallation,,,,,,,,,
1103,,Substructure Assembly Line 1,Substructure Assembly,0.0,0.0,ACTION,1698.571999966746,GravityBasedInstallation,,,,,,,,,
1119,,Towing Group 1,Tow Substructure,20.0,93790.0,ACTION,1718.5714285714291,GravityBasedInstallation,,,,3.0,0.0,,,,
1120,,Multi-Purpose AHTS Vessel,Delay: Not enough vessels for gravity foundations,28.57142857142867,127603.57142857186,ACTION,1718.5714285714291,GravityBasedInstallation,,,,,,Site,,,
1123,,Multi-Purpose AHTS Vessel,Position Substructure,5.0,22330.625,ACTION,1723.5714285714291,GravityBasedInstallation,,,,,,,,,
1126,,Multi-Purpose AHTS Vessel,ROV Survey,1.0,4466.125,ACTION,1724.5714285714291,GravityBasedInstallation,,,,,,,,,
1134,,Multi-Purpose AHTS Vessel,Pump Ballast,12.0,53593.5,ACTION,1736.5714285714291,GravityBasedInstallation,,,,,,,,,
1140,,Multi-Purpose AHTS Vessel,Grout GBF,6.0,26796.75,ACTION,1742.5714285714291,GravityBasedInstallation,,,,,,,,,
1141,,Towing Group 1,Positioning Support,24.0,37516.0,ACTION,1742.5714285714291,GravityBasedInstallation,,,,1.0,,site,,,
1147,,Towing Group 1,Transit,8.571428571428571,40195.71428571428,ACTION,1751.1428571428578,GravityBasedInstallation,,,,3.0,0.0,,,,
1148,,Substructure Assembly Line 1,Delay: No Substructure Storage Available,52.57099999875686,0.0,ACTION,1751.142999965503,GravityBasedInstallation,,,,,,,,,
1149,,Substructure Assembly Line 1,Substructure Assembly,0.0,0.0,ACTION,1751.142999965503,GravityBasedInstallation,,,,,,,,,
1151,,Towing Group 1,Tow Substructure,20.0,93790.0,ACTION,1771.1428571428578,GravityBasedInstallation,,,,3.0,0.0,,,,
1152,,Multi-Purpose AHTS Vessel,Delay: Not enough vessels for gravity foundations,28.57142857142867,127603.57142857186,ACTION,1771.1428571428578,GravityBasedInstallation,,,,,,Site,,,
1157,,Multi-Purpose AHTS Vessel,Delay,24.0,107187.0,ACTION,1795.1428571428578,GravityBasedInstallation,,,,,,,,,
1163,,Multi-Purpose AHTS Vessel,Position Substructure,5.0,22330.625,ACTION,1800.1428571428578,GravityBasedInstallation,,,,,,,,,
1164,,Multi-Purpose AHTS Vessel,ROV Survey,1.0,4466.125,ACTION,1801.1428571428578,GravityBasedInstallation,,,,,,,,,
1171,,Multi-Purpose AHTS Vessel,Pump Ballast,12.0,53593.5,ACTION,1813.1428571428578,GravityBasedInstallation,,,,,,,,,
1177,,Multi-Purpose AHTS Vessel,Grout GBF,6.0,26796.75,ACTION,1819.1428571428578,GravityBasedInstallation,,,,,,,,,
1178,,Towing Group 1,Positioning Support,48.0,75032.0,ACTION,1819.1428571428578,GravityBasedInstallation,,,,1.0,,site,,,
1185,,Towing Group 1,Transit,8.571428571428571,40195.71428571428,ACTION,1827.7142857142865,GravityBasedInstallation,,,,3.0,0.0,,,,
1186,,Substructure Assembly Line 1,Delay: No Substructure Storage Available,76.57199999818931,0.0,ACTION,1827.7149999636922,GravityBasedInstallation,,,,,,,,,
1187,,Substructure Assembly Line 1,Substructure Assembly,0.0,0.0,ACTION,1827.7149999636922,GravityBasedInstallation,,,,,,,,,
1200,,Towing Group 1,Tow Substructure,20.0,93790.0,ACTION,1847.7142857142865,GravityBasedInstallation,,,,3.0,0.0,,,,
1201,,Multi-Purpose AHTS Vessel,Delay: Not enough vessels for gravity foundations,28.57142857142867,127603.57142857186,ACTION,1847.7142857142865,GravityBasedInstallation,,,,,,Site,,,
1204,,Multi-Purpose AHTS Vessel,Position Substructure,5.0,22330.625,ACTION,1852.7142857142865,GravityBasedInstallation,,,,,,,,,
1205,,Multi-Purpose AHTS Vessel,ROV Survey,1.0,4466.125,ACTION,1853.7142857142865,GravityBasedInstallation,,,,,,,,,
1210,,Multi-Purpose AHTS Vessel,Pump Ballast,12.0,53593.5,ACTION,1865.7142857142865,GravityBasedInstallation,,,,,,,,,
1215,,Multi-Purpose AHTS Vessel,Grout GBF,6.0,26796.75,ACTION,1871.7142857142865,GravityBasedInstallation,,,,,,,,,
1216,,Towing Group 1,Positioning Support,24.0,37516.0,ACTION,1871.7142857142865,GravityBasedInstallation,,,,1.0,,site,,,
1222,,Towing Group 1,Transit,8.571428571428571,40195.71428571428,ACTION,1880.2857142857151,GravityBasedInstallation,,,,3.0,0.0,,,,
1223,,Substructure Assembly Line 1,Delay: No Substructure Storage Available,52.57099999875686,0.0,ACTION,1880.285999962449,GravityBasedInstallation,,,,,,,,,
1224,,Substructure Assembly Line 1,Substructure Assembly,0.0,0.0,ACTION,1880.285999962449,GravityBasedInstallation,,,,,,,,,
1242,,Towing Group 1,Tow Substructure,20.0,93790.0,ACTION,1900.2857142857151,GravityBasedInstallation,,,,3.0,0.0,,,,
1243,,Multi-Purpose AHTS Vessel,Delay: Not enough vessels for gravity foundations,28.57142857142867,127603.57142857186,ACTION,1900.2857142857151,GravityBasedInstallation,,,,,,Site,,,
1248,,Multi-Purpose AHTS Vessel,Position Substructure,5.0,22330.625,ACTION,1905.2857142857151,GravityBasedInstallation,,,,,,,,,
1249,,Multi-Purpose AHTS Vessel,ROV Survey,1.0,4466.125,ACTION,1906.2857142857151,GravityBasedInstallation,,,,,,,,,
1257,,Multi-Purpose AHTS Vessel,Pump Ballast,12.0,53593.5,ACTION,1918.2857142857151,GravityBasedInstallation,,,,,,,,,
1263,,Multi-Purpose AHTS Vessel,Grout GBF,6.0,26796.75,ACTION,1924.2857142857151,GravityBasedInstallation,,,,,,,,,
1264,,Towing Group 1,Positioning Support,24.0,37516.0,ACTION,1924.2857142857151,GravityBasedInstallation,,,,1.0,,site,,,
1270,,Towing Group 1,Transit,8.571428571428571,40195.71428571428,ACTION,1932.8571428571438,GravityBasedInstallation,,,,3.0,0.0,,,,
1271,,Substructure Assembly Line 1,Delay: No Substructure Storage Available,52.57199999875684,0.0,ACTION,1932.857999961206,GravityBasedInstallation,,,,,,,,,
1272,,Substructure Assembly Line 1,Substructure Assembly,0.0,0.0,ACTION,1932.857999961206,GravityBasedInstallation,,,,,,,,,
1288,,Towing Group 1,Tow Substructure,20.0,93790.0,ACTION,1952.8571428571438,GravityBasedInstallation,,,,3.0,0.0,,,,
1289,,Multi-Purpose AHTS Vessel,Delay: Not enough vessels for gravity foundations,28.57142857142867,127603.57142857186,ACTION,1952.8571428571438,GravityBasedInstallation,,,,,,Site,,,
1295,,Multi-Purpose AHTS Vessel,Position Substructure,5.0,22330.625,ACTION,1957.8571428571438,GravityBasedInstallation,,,,,,,,,
1296,,Multi-Purpose AHTS Vessel,ROV Survey,1.0,4466.125,ACTION,1958.8571428571438,GravityBasedInstallation,,,,,,,,,
1303,,Multi-Purpose AHTS Vessel,Pump Ballast,12.0,53593.5,ACTION,1970.8571428571438,GravityBasedInstallation,,,,,,,,,
1304,,Multi-Purpose AHTS Vessel,Grout GBF,6.0,26796.75,ACTION,1976.8571428571438,GravityBasedInstallation,,,,,,,,,
1305,,Towing Group 1,Positioning Support,24.0,37516.0,ACTION,1976.8571428571438,GravityBasedInstallation,,,,1.0,,site,,,
1312,,Towing Group 1,Transit,8.571428571428571,40195.71428571428,ACTION,1985.4285714285725,GravityBasedInstallation,,,,3.0,0.0,,,,
1313,,Substructure Assembly Line 1,Delay: No Substructure Storage Available,52.57099999875686,0.0,ACTION,1985.4289999599628,GravityBasedInstallation,,,,,,,,,
1314,,Substructure Assembly Line 1,Substructure Assembly,0.0,0.0,ACTION,1985.4289999599628,GravityBasedInstallation,,,,,,,,,
1331,,Towing Group 1,Tow Substructure,20.0,93790.0,ACTION,2005.4285714285725,GravityBasedInstallation,,,,3.0,0.0,,,,
1332,,Multi-Purpose AHTS Vessel,Delay: Not enough vessels for gravity foundations,28.57142857142867,127603.57142857186,ACTION,2005.4285714285725,GravityBasedInstallation,,,,,,Site,,,
1340,,Multi-Purpose AHTS Vessel,Position Substructure,5.0,22330.625,ACTION,2010.4285714285725,GravityBasedInstallation,,,,,,,,,
1342,,Multi-Purpose AHTS Vessel,ROV Survey,1.0,4466.125,ACTION,2011.4285714285725,GravityBasedInstallation,,,,,,,,,
1347,,Multi-Purpose AHTS Vessel,Pump Ballast,12.0,53593.5,ACTION,2023.4285714285725,GravityBasedInstallation,,,,,,,,,
1351,,Multi-Purpose AHTS Vessel,Grout GBF,6.0,26796.75,ACTION,2029.4285714285725,GravityBasedInstallation,,,,,,,,,
1352,,Towing Group 1,Positioning Support,24.0,37516.0,ACTION,2029.4285714285725,GravityBasedInstallation,,,,1.0,,site,,,
1358,,Towing Group 1,Transit,8.571428571428571,40195.71428571428,ACTION,2038.0000000000011,GravityBasedInstallation,,,,3.0,0.0,,,,
1359,,Substructure Assembly Line 1,Delay: No Substructure Storage Available,52.57199999875684,0.0,ACTION,2038.0009999587196,GravityBasedInstallation,,,,,,,,,
1360,,Substructure Assembly Line 1,Substructure Assembly,0.0,0.0,ACTION,2038.0009999587196,GravityBasedInstallation,,,,,,,,,
1372,,Towing Group 1,Tow Substructure,20.0,93790.0,ACTION,2058.000000000001,GravityBasedInstallation,,,,3.0,0.0,,,,
1373,,Multi-Purpose AHTS Vessel,Delay: Not enough vessels for gravity foundations,28.57142857142844,127603.57142857085,ACTION,2058.000000000001,GravityBasedInstallation,,,,,,Site,,,
1380,,Multi-Purpose AHTS Vessel,Position Substructure,5.0,22330.625,ACTION,2063.000000000001,GravityBasedInstallation,,,,,,,,,
1381,,Multi-Purpose AHTS Vessel,ROV Survey,1.0,4466.125,ACTION,2064.000000000001,GravityBasedInstallation,,,,,,,,,
1388,,Multi-Purpose AHTS Vessel,Pump Ballast,12.0,53593.5,ACTION,2076.000000000001,GravityBasedInstallation,,,,,,,,,
1393,,Multi-Purpose AHTS Vessel,Grout GBF,6.0,26796.75,ACTION,2082.000000000001,GravityBasedInstallation,,,,,,,,,
1394,,Towing Group 1,Positioning Support,24.0,37516.0,ACTION,2082.000000000001,GravityBasedInstallation,,,,1.0,,site,,,
1400,,Towing Group 1,Transit,8.571428571428571,40195.71428571428,ACTION,2090.5714285714294,GravityBasedInstallation,,,,3.0,0.0,,,,
1401,,Substructure Assembly Line 1,Delay: No Substructure Storage Available,52.571000008436386,0.0,ACTION,2090.571999967156,GravityBasedInstallation,,,,,,,,,
1402,,Substructure Assembly Line 1,Substructure Assembly,0.0,0.0,ACTION,2090.571999967156,GravityBasedInstallation,,,,,,,,,
1414,,Towing Group 1,Tow Substructure,20.0,93790.0,ACTION,2110.5714285714294,GravityBasedInstallation,,,,3.0,0.0,,,,
1415,,Multi-Purpose AHTS Vessel,Delay: Not enough vessels for gravity foundations,28.57142857142844,127603.57142857085,ACTION,2110.5714285714294,GravityBasedInstallation,,,,,,Site,,,
1431,,Multi-Purpose AHTS Vessel,Delay,35.0,156314.375,ACTION,2145.5714285714294,GravityBasedInstallation,,,,,,,,,
1436,,Multi-Purpose AHTS Vessel,Position Substructure,5.0,22330.625,ACTION,2150.5714285714294,GravityBasedInstallation,,,,,,,,,
1437,,Multi-Purpose AHTS Vessel,ROV Survey,1.0,4466.125,ACTION,2151.5714285714294,GravityBasedInstallation,,,,,,,,,
1440,,Multi-Purpose AHTS Vessel,Pump Ballast,12.0,53593.5,ACTION,2163.5714285714294,GravityBasedInstallation,,,,,,,,,
1443,,Multi-Purpose AHTS Vessel,Grout GBF,6.0,26796.75,ACTION,2169.5714285714294,GravityBasedInstallation,,,,,,,,,
1444,,Towing Group 1,Positioning Support,59.0,92226.83333333334,ACTION,2169.5714285714294,GravityBasedInstallation,,,,1.0,,site,,,
1449,,Towing Group 1,Transit,8.571428571428571,40195.71428571428,ACTION,2178.142857142858,GravityBasedInstallation,,,,3.0,0.0,,,,
1450,,Substructure Assembly Line 1,Delay: No Substructure Storage Available,87.57100001784056,0.0,ACTION,2178.1429999849965,GravityBasedInstallation,,,,,,,,,
1451,,Substructure Assembly Line 1,Substructure Assembly,0.0,0.0,ACTION,2178.1429999849965,GravityBasedInstallation,,,,,,,,,
1465,,Towing Group 1,Tow Substructure,20.0,93790.0,ACTION,2198.142857142858,GravityBasedInstallation,,,,3.0,0.0,,,,
1466,,Multi-Purpose AHTS Vessel,Delay: Not enough vessels for gravity foundations,28.57142857142844,127603.57142857085,ACTION,2198.142857142858,GravityBasedInstallation,,,,,,Site,,,
1470,,Multi-Purpose AHTS Vessel,Position Substructure,5.0,22330.625,ACTION,2203.142857142858,GravityBasedInstallation,,,,,,,,,
1471,,Multi-Purpose AHTS Vessel,ROV Survey,1.0,4466.125,ACTION,2204.142857142858,GravityBasedInstallation,,,,,,,,,
1476,,Multi-Purpose AHTS Vessel,Pump Ballast,12.0,53593.5,ACTION,2216.142857142858,GravityBasedInstallation,,,,,,,,,
1478,,Multi-Purpose AHTS Vessel,Grout GBF,6.0,26796.75,ACTION,2222.142857142858,GravityBasedInstallation,,,,,,,,,
1479,,Towing Group 1,Positioning Support,24.0,37516.0,ACTION,2222.142857142858,GravityBasedInstallation,,,,1.0,,site,,,
1485,,Towing Group 1,Transit,8.571428571428571,40195.71428571428,ACTION,2230.7142857142862,GravityBasedInstallation,,,,3.0,0.0,,,,
1486,,Substructure Assembly Line 1,Delay: No Substructure Storage Available,52.572000010710326,0.0,ACTION,2230.714999995707,GravityBasedInstallation,,,,,,,,,
1487,,Substructure Assembly Line 1,Substructure Assembly,0.0,0.0,ACTION,2230.714999995707,GravityBasedInstallation,,,,,,,,,
1496,,Towing Group 1,Tow Substructure,20.0,93790.0,ACTION,2250.7142857142862,GravityBasedInstallation,,,,3.0,0.0,,,,
1497,,Multi-Purpose AHTS Vessel,Delay: Not enough vessels for gravity foundations,28.57142857142844,127603.57142857085,ACTION,2250.7142857142862,GravityBasedInstallation,,,,,,Site,,,
1500,,Multi-Purpose AHTS Vessel,Position Substructure,5.0,22330.625,ACTION,2255.7142857142862,GravityBasedInstallation,,,,,,,,,
1501,,Multi-Purpose AHTS Vessel,ROV Survey,1.0,4466.125,ACTION,2256.7142857142862,GravityBasedInstallation,,,,,,,,,
1512,,Multi-Purpose AHTS Vessel,Pump Ballast,12.0,53593.5,ACTION,2268.7142857142862,GravityBasedInstallation,,,,,,,,,
1518,,Multi-Purpose AHTS Vessel,Grout GBF,6.0,26796.75,ACTION,2274.7142857142862,GravityBasedInstallation,,,,,,,,,
1519,,Towing Group 1,Positioning Support,24.0,37516.0,ACTION,2274.7142857142862,GravityBasedInstallation,,,,1.0,,site,,,
1526,,Towing Group 1,Transit,8.571428571428571,40195.71428571428,ACTION,2283.2857142857147,GravityBasedInstallation,,,,3.0,0.0,,,,
1527,,Substructure Assembly Line 1,Delay: No Substructure Storage Available,52.57100001071012,0.0,ACTION,2283.286000006417,GravityBasedInstallation,,,,,,,,,
1528,,Substructure Assembly Line 1,Substructure Assembly,0.0,0.0,ACTION,2283.286000006417,GravityBasedInstallation,,,,,,,,,
1531,,Towing Group 1,Tow Substructure,20.0,93790.0,ACTION,2303.2857142857147,GravityBasedInstallation,,,,3.0,0.0,,,,
1532,,Multi-Purpose AHTS Vessel,Delay: Not enough vessels for gravity foundations,28.57142857142844,127603.57142857085,ACTION,2303.2857142857147,GravityBasedInstallation,,,,,,Site,,,
1540,,Multi-Purpose AHTS Vessel,Delay,41.0,183111.125,ACTION,2344.2857142857147,GravityBasedInstallation,,,,,,,,,
1546,,Multi-Purpose AHTS Vessel,Position Substructure,5.0,22330.625,ACTION,2349.2857142857147,GravityBasedInstallation,,,,,,,,,
1547,,Multi-Purpose AHTS Vessel,ROV Survey,1.0,4466.125,ACTION,2350.2857142857147,GravityBasedInstallation,,,,,,,,,
1556,,Multi-Purpose AHTS Vessel,Pump Ballast,12.0,53593.5,ACTION,2362.2857142857147,GravityBasedInstallation,,,,,,,,,
1562,,Multi-Purpose AHTS Vessel,Grout GBF,6.0,26796.75,ACTION,2368.2857142857147,GravityBasedInstallation,,,,,,,,,
1563,,Towing Group 1,Positioning Support,65.0,101605.83333333334,ACTION,2368.2857142857147,GravityBasedInstallation,,,,1.0,,site,,,
1570,,Towing Group 1,Transit,8.571428571428571,40195.71428571428,ACTION,2376.857142857143,GravityBasedInstallation,,,,3.0,0.0,,,,
1571,,Substructure Assembly Line 1,Delay: No Substructure Storage Available,93.57200001906313,0.0,ACTION,2376.85800002548,GravityBasedInstallation,,,,,,,,,
1572,,Substructure Assembly Line 1,Substructure Assembly,0.0,0.0,ACTION,2376.85800002548,GravityBasedInstallation,,,,,,,,,
1574,,Towing Group 1,Tow Substructure,20.0,93790.0,ACTION,2396.857142857143,GravityBasedInstallation,,,,3.0,0.0,,,,
1575,,Multi-Purpose AHTS Vessel,Delay: Not enough vessels for gravity foundations,28.57142857142844,127603.57142857085,ACTION,2396.857142857143,GravityBasedInstallation,,,,,,Site,,,
1579,,Multi-Purpose AHTS Vessel,Delay,16.0,71458.0,ACTION,2412.857142857143,GravityBasedInstallation,,,,,,,,,
1583,,Multi-Purpose AHTS Vessel,Position Substructure,5.0,22330.625,ACTION,2417.857142857143,GravityBasedInstallation,,,,,,,,,
1586,,Multi-Purpose AHTS Vessel,ROV Survey,1.0,4466.125,ACTION,2418.857142857143,GravityBasedInstallation,,,,,,,,,
1589,,Multi-Purpose AHTS Vessel,Pump Ballast,12.0,53593.5,ACTION,2430.857142857143,GravityBasedInstallation,,,,,,,,,
1591,,Multi-Purpose AHTS Vessel,Grout GBF,6.0,26796.75,ACTION,2436.857142857143,GravityBasedInstallation,,,,,,,,,
1592,,Towing Group 1,Positioning Support,40.0,62526.66666666667,ACTION,2436.857142857143,GravityBasedInstallation,,,,1.0,,site,,,
1600,,Towing Group 1,Transit,8.571428571428571,40195.71428571428,ACTION,2445.4285714285716,GravityBasedInstallation,,,,3.0,0.0,,,,
1601,,Substructure Assembly Line 1,Delay: No Substructure Storage Available,68.57100001396975,0.0,ACTION,2445.42900003945,GravityBasedInstallation,,,,,,,,,
1602,,Substructure Assembly Line 1,Substructure Assembly,0.0,0.0,ACTION,2445.42900003945,GravityBasedInstallation,,,,,,,,,
1621,,Towing Group 1,Tow Substructure,20.0,93790.0,ACTION,2465.4285714285716,GravityBasedInstallation,,,,3.0,0.0,,,,
1622,,Multi-Purpose AHTS Vessel,Delay: Not enough vessels for gravity foundations,28.57142857142844,127603.57142857085,ACTION,2465.4285714285716,GravityBasedInstallation,,,,,,Site,,,
1625,,Multi-Purpose AHTS Vessel,Position Substructure,5.0,22330.625,ACTION,2470.4285714285716,GravityBasedInstallation,,,,,,,,,
1626,,Multi-Purpose AHTS Vessel,ROV Survey,1.0,4466.125,ACTION,2471.4285714285716,GravityBasedInstallation,,,,,,,,,
1632,,Multi-Purpose AHTS Vessel,Pump Ballast,12.0,53593.5,ACTION,2483.4285714285716,GravityBasedInstallation,,,,,,,,,
1634,,Multi-Purpose AHTS Vessel,Grout GBF,6.0,26796.75,ACTION,2489.4285714285716,GravityBasedInstallation,,,,,,,,,
1635,,Towing Group 1,Positioning Support,24.0,37516.0,ACTION,2489.4285714285716,GravityBasedInstallation,,,,1.0,,site,,,
1639,,Towing Group 1,Transit,8.571428571428571,40195.71428571428,ACTION,2498.0,GravityBasedInstallation,,,,3.0,0.0,,,,
1640,,Substructure Assembly Line 1,Delay: No Substructure Storage Available,52.57100001071012,0.0,ACTION,2498.00000005016,GravityBasedInstallation,,,,,,,,,
1641,,Substructure Assembly Line 1,Substructure Assembly,0.0,0.0,ACTION,2498.00000005016,GravityBasedInstallation,,,,,,,,,
1660,,Towing Group 1,Tow Substructure,20.0,93790.0,ACTION,2518.0,GravityBasedInstallation,,,,3.0,0.0,,,,
1661,,Multi-Purpose AHTS Vessel,Delay: Not enough vessels for gravity foundations,28.57142857142844,127603.57142857085,ACTION,2518.0,GravityBasedInstallation,,,,,,Site,,,
1664,,Multi-Purpose AHTS Vessel,Position Substructure,5.0,22330.625,ACTION,2523.0,GravityBasedInstallation,,,,,,,,,
1667,,Multi-Purpose AHTS Vessel,ROV Survey,1.0,4466.125,ACTION,2524.0,GravityBasedInstallation,,,,,,,,,
1675,,Multi-Purpose AHTS Vessel,Delay,11.0,49127.375,ACTION,2535.0,GravityBasedInstallation,,,,,,,,,
1680,,Multi-Purpose AHTS Vessel,Pump Ballast,12.0,53593.5,ACTION,2547.0,GravityBasedInstallation,,,,,,,,,
1683,,Multi-Purpose AHTS Vessel,Grout GBF,6.0,26796.75,ACTION,2553.0,GravityBasedInstallation,,,,,,,,,
1684,,Towing Group 1,Positioning Support,35.0,54710.833333333336,ACTION,2553.0,GravityBasedInstallation,,,,1.0,,site,,,
1690,,Towing Group 1,Transit,8.571428571428571,40195.71428571428,ACTION,2561.5714285714284,GravityBasedInstallation,,,,3.0,0.0,,,,
1691,,Substructure Assembly Line 1,Delay: No Substructure Storage Available,63.57200001295132,0.0,ACTION,2561.5720000631113,GravityBasedInstallation,,,,,,,,,
1692,,Substructure Assembly Line 1,Substructure Assembly,0.0,0.0,ACTION,2561.5720000631113,GravityBasedInstallation,,,,,,,,,
1709,,Towing Group 1,Tow Substructure,20.0,93790.0,ACTION,2581.5714285714284,GravityBasedInstallation,,,,3.0,0.0,,,,
1710,,Multi-Purpose AHTS Vessel,Delay: Not enough vessels for gravity foundations,28.57142857142844,127603.57142857085,ACTION,2581.5714285714284,GravityBasedInstallation,,,,,,Site,,,
1717,,Multi-Purpose AHTS Vessel,Delay,26.0,116119.25,ACTION,2607.5714285714284,GravityBasedInstallation,,,,,,,,,
1719,,Multi-Purpose AHTS Vessel,Position Substructure,5.0,22330.625,ACTION,2612.5714285714284,GravityBasedInstallation,,,,,,,,,
1720,,Multi-Purpose AHTS Vessel,ROV Survey,1.0,4466.125,ACTION,2613.5714285714284,GravityBasedInstallation,,,,,,,,,
1742,,Multi-Purpose AHTS Vessel,Delay,35.0,156314.375,ACTION,2648.5714285714284,GravityBasedInstallation,,,,,,,,,
1750,,Multi-Purpose AHTS Vessel,Pump Ballast,12.0,53593.5,ACTION,2660.5714285714284,GravityBasedInstallation,,,,,,,,,
1757,,Multi-Purpose AHTS Vessel,Grout GBF,6.0,26796.75,ACTION,2666.5714285714284,GravityBasedInstallation,,,,,,,,,
1758,,Towing Group 1,Positioning Support,85.0,132869.1666666667,ACTION,2666.5714285714284,GravityBasedInstallation,,,,1.0,,site,,,
1762,,Towing Group 1,Transit,8.571428571428571,40195.71428571428,ACTION,2675.142857142857,GravityBasedInstallation,,,,3.0,0.0,,,,
1763,,Substructure Assembly Line 1,Delay: No Substructure Storage Available,113.57100002313746,0.0,ACTION,2675.143000086249,GravityBasedInstallation,,,,,,,,,
1764,,Substructure Assembly Line 1,Substructure Assembly,0.0,0.0,ACTION,2675.143000086249,GravityBasedInstallation,,,,,,,,,
1772,,Towing Group 1,Tow Substructure,20.0,93790.0,ACTION,2695.142857142857,GravityBasedInstallation,,,,3.0,0.0,,,,
1773,,Multi-Purpose AHTS Vessel,Delay: Not enough vessels for gravity foundations,28.57142857142844,127603.57142857085,ACTION,2695.142857142857,GravityBasedInstallation,,,,,,Site,,,
1787,,Multi-Purpose AHTS Vessel,Delay,23.0,102720.875,ACTION,2718.142857142857,GravityBasedInstallation,,,,,,,,,
1793,,Multi-Purpose AHTS Vessel,Position Substructure,5.0,22330.625,ACTION,2723.142857142857,GravityBasedInstallation,,,,,,,,,
1794,,Multi-Purpose AHTS Vessel,ROV Survey,1.0,4466.125,ACTION,2724.142857142857,GravityBasedInstallation,,,,,,,,,
1801,,Multi-Purpose AHTS Vessel,Pump Ballast,12.0,53593.5,ACTION,2736.142857142857,GravityBasedInstallation,,,,,,,,,
1807,,Multi-Purpose AHTS Vessel,Grout GBF,6.0,26796.75,ACTION,2742.142857142857,GravityBasedInstallation,,,,,,,,,
1808,,Towing Group 1,Positioning Support,47.0,73468.83333333334,ACTION,2742.142857142857,GravityBasedInstallation,,,,1.0,,site,,,
1815,,Towing Group 1,Transit,8.571428571428571,40195.71428571428,ACTION,2750.7142857142853,GravityBasedInstallation,,,,3.0,0.0,,,,
1817,,Substructure Assembly Line 1,Delay: No Substructure Storage Available,75.57200001539604,0.0,ACTION,2750.715000101645,GravityBasedInstallation,,,,,,,,,
1818,,Substructure Assembly Line 1,Substructure Assembly,0.0,0.0,ACTION,2750.715000101645,GravityBasedInstallation,,,,,,,,,
1830,,Towing Group 1,Tow Substructure,20.0,93790.0,ACTION,2770.7142857142853,GravityBasedInstallation,,,,3.0,0.0,,,,
1831,,Multi-Purpose AHTS Vessel,Delay: Not enough vessels for gravity foundations,28.57142857142844,127603.57142857085,ACTION,2770.7142857142853,GravityBasedInstallation,,,,,,Site,,,
1845,,Multi-Purpose AHTS Vessel,Delay,35.0,156314.375,ACTION,2805.7142857142853,GravityBasedInstallation,,,,,,,,,
1850,,Multi-Purpose AHTS Vessel,Position Substructure,5.0,22330.625,ACTION,2810.7142857142853,GravityBasedInstallation,,,,,,,,,
1851,,Multi-Purpose AHTS Vessel,ROV Survey,1.0,4466.125,ACTION,2811.7142857142853,GravityBasedInstallation,,,,,,,,,
1853,,Multi-Purpose AHTS Vessel,Pump Ballast,12.0,53593.5,ACTION,2823.7142857142853,GravityBasedInstallation,,,,,,,,,
1858,,Multi-Purpose AHTS Vessel,Grout GBF,6.0,26796.75,ACTION,2829.7142857142853,GravityBasedInstallation,,,,,,,,,
1859,,Towing Group 1,Positioning Support,59.0,92226.83333333334,ACTION,2829.7142857142853,GravityBasedInstallation,,,,1.0,,site,,,
1866,,Towing Group 1,Transit,8.571428571428571,40195.71428571428,ACTION,2838.2857142857138,GravityBasedInstallation,,,,3.0,0.0,,,,
1867,,Substructure Assembly Line 1,Delay: No Substructure Storage Available,87.57100001784056,0.0,ACTION,2838.2860001194854,GravityBasedInstallation,,,,,,,,,
1868,,Substructure Assembly Line 1,Substructure Assembly,0.0,0.0,ACTION,2838.2860001194854,GravityBasedInstallation,,,,,,,,,
1881,,Towing Group 1,Tow Substructure,20.0,93790.0,ACTION,2858.2857142857138,GravityBasedInstallation,,,,3.0,0.0,,,,
1882,,Multi-Purpose AHTS Vessel,Delay: Not enough vessels for gravity foundations,28.57142857142844,127603.57142857085,ACTION,2858.2857142857138,GravityBasedInstallation,,,,,,Site,,,
1904,,Multi-Purpose AHTS Vessel,Delay,47.0,209907.875,ACTION,2905.2857142857138,GravityBasedInstallation,,,,,,,,,
1907,,Multi-Purpose AHTS Vessel,Position Substructure,5.0,22330.625,ACTION,2910.2857142857138,GravityBasedInstallation,,,,,,,,,
1910,,Multi-Purpose AHTS Vessel,ROV Survey,1.0,4466.125,ACTION,2911.2857142857138,GravityBasedInstallation,,,,,,,,,
1915,,Multi-Purpose AHTS Vessel,Pump Ballast,12.0,53593.5,ACTION,2923.2857142857138,GravityBasedInstallation,,,,,,,,,
1919,,Multi-Purpose AHTS Vessel,Grout GBF,6.0,26796.75,ACTION,2929.2857142857138,GravityBasedInstallation,,,,,,,,,
1920,,Towing Group 1,Positioning Support,71.0,110984.83333333334,ACTION,2929.2857142857138,GravityBasedInstallation,,,,1.0,,site,,,
1925,,Towing Group 1,Transit,8.571428571428571,40195.71428571428,ACTION,2937.857142857142,GravityBasedInstallation,,,,3.0,0.0,,,,
1926,,Substructure Assembly Line 1,Delay: No Substructure Storage Available,99.57200002028549,0.0,ACTION,2937.858000139771,GravityBasedInstallation,,,,,,,,,
1927,,Substructure Assembly Line 1,Substructure Assembly,0.0,0.0,ACTION,2937.858000139771,GravityBasedInstallation,,,,,,,,,
1946,,Towing Group 1,Tow Substructure,20.0,93790.0,ACTION,2957.857142857142,GravityBasedInstallation,,,,3.0,0.0,,,,
1947,,Multi-Purpose AHTS Vessel,Delay: Not enough vessels for gravity foundations,28.57142857142844,127603.57142857085,ACTION,2957.857142857142,GravityBasedInstallation,,,,,,Site,,,
1952,,Multi-Purpose AHTS Vessel,Position Substructure,5.0,22330.625,ACTION,2962.857142857142,GravityBasedInstallation,,,,,,,,,
1953,,Multi-Purpose AHTS Vessel,ROV Survey,1.0,4466.125,ACTION,2963.857142857142,GravityBasedInstallation,,,,,,,,,
1963,,Multi-Purpose AHTS Vessel,Pump Ballast,12.0,53593.5,ACTION,2975.857142857142,GravityBasedInstallation,,,,,,,,,
1967,,Multi-Purpose AHTS Vessel,Grout GBF,6.0,26796.75,ACTION,2981.857142857142,GravityBasedInstallation,,,,,,,,,
1968,,Towing Group 1,Positioning Support,24.0,37516.0,ACTION,2981.857142857142,GravityBasedInstallation,,,,1.0,,site,,,
1973,,Towing Group 1,Transit,8.571428571428571,40195.71428571428,ACTION,2990.4285714285706,GravityBasedInstallation,,,,3.0,0.0,,,,
1974,,Substructure Assembly Line 1,Delay: No Substructure Storage Available,52.57100001071012,0.0,ACTION,2990.429000150481,GravityBasedInstallation,,,,,,,,,
1975,,Substructure Assembly Line 1,Substructure Assembly,0.0,0.0,ACTION,2990.429000150481,GravityBasedInstallation,,,,,,,,,
1981,,Towing Group 1,Tow Substructure,20.0,93790.0,ACTION,3010.4285714285706,GravityBasedInstallation,,,,3.0,0.0,,,,
1982,,Multi-Purpose AHTS Vessel,Delay: Not enough vessels for gravity foundations,28.57142857142844,127603.57142857085,ACTION,3010.4285714285706,GravityBasedInstallation,,,,,,Site,,,
2000,,Multi-Purpose AHTS Vessel,Delay,95.0,424281.875,ACTION,3105.4285714285706,GravityBasedInstallation,,,,,,,,,
2005,,Multi-Purpose AHTS Vessel,Position Substructure,5.0,22330.625,ACTION,3110.4285714285706,GravityBasedInstallation,,,,,,,,,
2007,,Multi-Purpose AHTS Vessel,ROV Survey,1.0,4466.125,ACTION,3111.4285714285706,GravityBasedInstallation,,,,,,,,,
2012,,Multi-Purpose AHTS Vessel,Pump Ballast,12.0,53593.5,ACTION,3123.4285714285706,GravityBasedInstallation,,,,,,,,,
2016,,Multi-Purpose AHTS Vessel,Grout GBF,2.0,8932.25,ACTION,3125.4285714285706,GravityBasedInstallation,,,,,,,,,
2021,,Multi-Purpose AHTS Vessel,Delay,13.0,58059.625,ACTION,3138.4285714285706,GravityBasedInstallation,,,,,,,,,
2024,,Multi-Purpose AHTS Vessel,Grout GBF,4.0,17864.5,ACTION,3142.4285714285706,GravityBasedInstallation,,,,,,,,,
2025,,Towing Group 1,Positioning Support,132.0,206338.0,ACTION,3142.4285714285706,GravityBasedInstallation,,,,1.0,,site,,,
2029,,Towing Group 1,Transit,8.571428571428571,40195.71428571428,ACTION,3150.999999999999,GravityBasedInstallation,,,,3.0,0.0,,,,
2030,,Substructure Assembly Line 1,Delay: No Substructure Storage Available,160.57100003271262,0.0,ACTION,3151.0000001831936,GravityBasedInstallation,,,,,,,,,
2031,,Substructure Assembly Line 1,Substructure Assembly,0.0,0.0,ACTION,3151.0000001831936,GravityBasedInstallation,,,,,,,,,
2042,,Towing Group 1,Tow Substructure,20.0,93790.0,ACTION,3170.999999999999,GravityBasedInstallation,,,,3.0,0.0,,,,
2043,,Multi-Purpose AHTS Vessel,Delay: Not enough vessels for gravity foundations,28.57142857142844,127603.57142857085,ACTION,3170.999999999999,GravityBasedInstallation,,,,,,Site,,,
2048,,Multi-Purpose AHTS Vessel,Position Substructure,5.0,22330.625,ACTION,3175.999999999999,GravityBasedInstallation,,,,,,,,,
2049,,Multi-Purpose AHTS Vessel,ROV Survey,1.0,4466.125,ACTION,3176.999999999999,GravityBasedInstallation,,,,,,,,,
2074,,Multi-Purpose AHTS Vessel,Delay,62.0,276899.75,ACTION,3238.999999999999,GravityBasedInstallation,,,,,,,,,
2081,,Multi-Purpose AHTS Vessel,Pump Ballast,12.0,53593.5,ACTION,3250.999999999999,GravityBasedInstallation,,,,,,,,,
2085,,Multi-Purpose AHTS Vessel,Grout GBF,6.0,26796.75,ACTION,3256.999999999999,GravityBasedInstallation,,,,,,,,,
2086,,Towing Group 1,Positioning Support,86.0,134432.33333333334,ACTION,3256.999999999999,GravityBasedInstallation,,,,1.0,,site,,,
2092,,Towing Group 1,Transit,8.571428571428571,40195.71428571428,ACTION,3265.5714285714275,GravityBasedInstallation,,,,3.0,0.0,,,,
2093,,Substructure Assembly Line 1,Delay: No Substructure Storage Available,114.57200002334139,0.0,ACTION,3265.572000206535,GravityBasedInstallation,,,,,,,,,
2094,,Substructure Assembly Line 1,Substructure Assembly,0.0,0.0,ACTION,3265.572000206535,GravityBasedInstallation,,,,,,,,,
2098,,Towing Group 1,Tow Substructure,20.0,93790.0,ACTION,3285.5714285714275,GravityBasedInstallation,,,,3.0,0.0,,,,
2099,,Multi-Purpose AHTS Vessel,Delay: Not enough vessels for gravity foundations,28.57142857142844,127603.57142857085,ACTION,3285.5714285714275,GravityBasedInstallation,,,,,,Site,,,
2105,,Multi-Purpose AHTS Vessel,Position Substructure,5.0,22330.625,ACTION,3290.5714285714275,GravityBasedInstallation,,,,,,,,,
2106,,Multi-Purpose AHTS Vessel,ROV Survey,1.0,4466.125,ACTION,3291.5714285714275,GravityBasedInstallation,,,,,,,,,
2110,,Multi-Purpose AHTS Vessel,Pump Ballast,12.0,53593.5,ACTION,3303.5714285714275,GravityBasedInstallation,,,,,,,,,
2115,,Multi-Purpose AHTS Vessel,Grout GBF,6.0,26796.75,ACTION,3309.5714285714275,GravityBasedInstallation,,,,,,,,,
2116,,Towing Group 1,Positioning Support,24.0,37516.0,ACTION,3309.5714285714275,GravityBasedInstallation,,,,1.0,,site,,,
2117,,Towing Group 1,Transit,8.571428571428571,40195.71428571428,ACTION,3318.142857142856,GravityBasedInstallation,,,,3.0,0.0,,,,
2118,,Substructure Assembly Line 1,Delay: No Substructure Storage Available,52.57100001071012,0.0,ACTION,3318.143000217245,GravityBasedInstallation,,,,,,,,,
2119,,Substructure Assembly Line 1,Substructure Assembly,0.0,0.0,ACTION,3318.143000217245,GravityBasedInstallation,,,,,,,,,
2128,,Towing Group 1,Tow Substructure,20.0,93790.0,ACTION,3338.142857142856,GravityBasedInstallation,,,,3.0,0.0,,,,
2129,,Multi-Purpose AHTS Vessel,Delay: Not enough vessels for gravity foundations,28.57142857142844,127603.57142857085,ACTION,3338.142857142856,GravityBasedInstallation,,,,,,Site,,,
2130,,Multi-Purpose AHTS Vessel,Position Substructure,5.0,22330.625,ACTION,3343.142857142856,GravityBasedInstallation,,,,,,,,,
2132,,Multi-Purpose AHTS Vessel,ROV Survey,1.0,4466.125,ACTION,3344.142857142856,GravityBasedInstallation,,,,,,,,,
2138,,Multi-Purpose AHTS Vessel,Pump Ballast,12.0,53593.5,ACTION,3356.142857142856,GravityBasedInstallation,,,,,,,,,
2142,,Multi-Purpose AHTS Vessel,Grout GBF,6.0,26796.75,ACTION,3362.142857142856,GravityBasedInstallation,,,,,,,,,
2143,,Towing Group 1,Positioning Support,24.0,37516.0,ACTION,3362.142857142856,GravityBasedInstallation,,,,1.0,,site,,,
2149,,Towing Group 1,Transit,8.571428571428571,40195.71428571428,ACTION,3370.7142857142844,GravityBasedInstallation,,,,3.0,0.0,,,,
2150,,Substructure Assembly Line 1,Delay: No Substructure Storage Available,52.572000010710326,0.0,ACTION,3370.7150002279554,GravityBasedInstallation,,,,,,,,,
2151,,Substructure Assembly Line 1,Substructure Assembly,0.0,0.0,ACTION,3370.7150002279554,GravityBasedInstallation,,,,,,,,,
2160,,Towing Group 1,Tow Substructure,20.0,93790.0,ACTION,3390.7142857142844,GravityBasedInstallation,,,,3.0,0.0,,,,
2161,,Multi-Purpose AHTS Vessel,Delay: Not enough vessels for gravity foundations,28.57142857142844,127603.57142857085,ACTION,3390.7142857142844,GravityBasedInstallation,,,,,,Site,,,
2163,,Multi-Purpose AHTS Vessel,Position Substructure,5.0,22330.625,ACTION,3395.7142857142844,GravityBasedInstallation,,,,,,,,,
2164,,Multi-Purpose AHTS Vessel,ROV Survey,1.0,4466.125,ACTION,3396.7142857142844,GravityBasedInstallation,,,,,,,,,
2185,,Multi-Purpose AHTS Vessel,Delay,122.0,544867.25,ACTION,3518.7142857142844,GravityBasedInstallation,,,,,,,,,
2192,,Multi-Purpose AHTS Vessel,Pump Ballast,12.0,53593.5,ACTION,3530.7142857142844,GravityBasedInstallation,,,,,,,,,
2194,,Multi-Purpose AHTS Vessel,Grout GBF,6.0,26796.75,ACTION,3536.7142857142844,GravityBasedInstallation,,,,,,,,,
2195,,Towing Group 1,Positioning Support,146.0,228222.33333333334,ACTION,3536.7142857142844,GravityBasedInstallation,,,,1.0,,site,,,
2199,,Towing Group 1,Transit,8.571428571428571,40195.71428571428,ACTION,3545.285714285713,GravityBasedInstallation,,,,3.0,0.0,,,,
2200,,Substructure Assembly Line 1,Delay: No Substructure Storage Available,174.5710000355648,0.0,ACTION,3545.2860002635202,GravityBasedInstallation,,,,,,,,,
2201,,Substructure Assembly Line 1,Substructure Assembly,0.0,0.0,ACTION,3545.2860002635202,GravityBasedInstallation,,,,,,,,,
2215,,Towing Group 1,Tow Substructure,20.0,93790.0,ACTION,3565.285714285713,GravityBasedInstallation,,,,3.0,0.0,,,,
2216,,Multi-Purpose AHTS Vessel,Delay: Not enough vessels for gravity foundations,28.57142857142844,127603.57142857085,ACTION,3565.285714285713,GravityBasedInstallation,,,,,,Site,,,
2220,,Multi-Purpose AHTS Vessel,Position Substructure,5.0,22330.625,ACTION,3570.285714285713,GravityBasedInstallation,,,,,,,,,
2222,,Multi-Purpose AHTS Vessel,ROV Survey,1.0,4466.125,ACTION,3571.285714285713,GravityBasedInstallation,,,,,,,,,
2226,,Multi-Purpose AHTS Vessel,Pump Ballast,12.0,53593.5,ACTION,3583.285714285713,GravityBasedInstallation,,,,,,,,,
2229,,Multi-Purpose AHTS Vessel,Grout GBF,6.0,26796.75,ACTION,3589.285714285713,GravityBasedInstallation,,,,,,,,,
2230,,Towing Group 1,Positioning Support,24.0,37516.0,ACTION,3589.285714285713,GravityBasedInstallation,,,,1.0,,site,,,
2234,,Towing Group 1,Transit,8.571428571428571,40195.71428571428,ACTION,3597.8571428571413,GravityBasedInstallation,,,,3.0,0.0,,,,
2235,,Substructure Assembly Line 1,Delay: No Substructure Storage Available,52.572000010710326,0.0,ACTION,3597.8580002742306,GravityBasedInstallation,,,,,,,,,
2236,,Substructure Assembly Line 1,Substructure Assembly,0.0,0.0,ACTION,3597.8580002742306,GravityBasedInstallation,,,,,,,,,
2246,,Towing Group 1,Tow Substructure,20.0,93790.0,ACTION,3617.8571428571413,GravityBasedInstallation,,,,3.0,0.0,,,,
2247,,Multi-Purpose AHTS Vessel,Delay: Not enough vessels for gravity foundations,28.57142857142844,127603.57142857085,ACTION,3617.8571428571413,GravityBasedInstallation,,,,,,Site,,,
2251,,Multi-Purpose AHTS Vessel,Position Substructure,5.0,22330.625,ACTION,3622.8571428571413,GravityBasedInstallation,,,,,,,,,
2254,,Multi-Purpose AHTS Vessel,ROV Survey,1.0,4466.125,ACTION,3623.8571428571413,GravityBasedInstallation,,,,,,,,,
2263,,Multi-Purpose AHTS Vessel,Pump Ballast,12.0,53593.5,ACTION,3635.8571428571413,GravityBasedInstallation,,,,,,,,,
2267,,Multi-Purpose AHTS Vessel,Grout GBF,6.0,26796.75,ACTION,3641.8571428571413,GravityBasedInstallation,,,,,,,,,
2268,,Towing Group 1,Positioning Support,24.0,37516.0,ACTION,3641.8571428571413,GravityBasedInstallation,,,,1.0,,site,,,
2276,,Towing Group 1,Transit,8.571428571428571,40195.71428571428,ACTION,3650.4285714285697,GravityBasedInstallation,,,,3.0,0.0,,,,
2277,,Substructure Assembly Line 1,Delay: No Substructure Storage Available,52.57100001071012,0.0,ACTION,3650.4290002849407,GravityBasedInstallation,,,,,,,,,
2287,,Towing Group 1,Tow Substructure,20.0,93790.0,ACTION,3670.4285714285697,GravityBasedInstallation,,,,3.0,0.0,,,,
2288,,Multi-Purpose AHTS Vessel,Delay: Not enough vessels for gravity foundations,28.57142857142844,127603.57142857085,ACTION,3670.4285714285697,GravityBasedInstallation,,,,,,Site,,,
2292,,Multi-Purpose AHTS Vessel,Delay,30.0,133983.75,ACTION,3700.4285714285697,GravityBasedInstallation,,,,,,,,,
2294,,Multi-Purpose AHTS Vessel,Position Substructure,5.0,22330.625,ACTION,3705.4285714285697,GravityBasedInstallation,,,,,,,,,
2295,,Multi-Purpose AHTS Vessel,ROV Survey,1.0,4466.125,ACTION,3706.4285714285697,GravityBasedInstallation,,,,,,,,,
2303,,Multi-Purpose AHTS Vessel,Pump Ballast,12.0,53593.5,ACTION,3718.4285714285697,GravityBasedInstallation,,,,,,,,,
2307,,Multi-Purpose AHTS Vessel,Delay,12.0,53593.5,ACTION,3730.4285714285697,GravityBasedInstallation,,,,,,,,,
2310,,Multi-Purpose AHTS Vessel,Grout GBF,1.0,4466.125,ACTION,3731.4285714285697,GravityBasedInstallation,,,,,,,,,
2313,,Multi-Purpose AHTS Vessel,Delay,1.0,4466.125,ACTION,3732.4285714285697,GravityBasedInstallation,,,,,,,,,
2315,,Multi-Purpose AHTS Vessel,Grout GBF,1.0,4466.125,ACTION,3733.4285714285697,GravityBasedInstallation,,,,,,,,,
2321,,Multi-Purpose AHTS Vessel,Delay,18.0,80390.25,ACTION,3751.4285714285697,GravityBasedInstallation,,,,,,,,,
2323,,Multi-Purpose AHTS Vessel,Grout GBF,2.0,8932.25,ACTION,3753.4285714285697,GravityBasedInstallation,,,,,,,,,
2329,,Multi-Purpose AHTS Vessel,Delay,4.0,17864.5,ACTION,3757.4285714285697,GravityBasedInstallation,,,,,,,,,
2331,,Multi-Purpose AHTS Vessel,Grout GBF,2.0,8932.25,ACTION,3759.4285714285697,GravityBasedInstallation,,,,,,,,,
2332,,Towing Group 1,Positioning Support,89.0,139121.83333333334,ACTION,3759.4285714285697,GravityBasedInstallation,,,,1.0,,site,,,
2335,,Towing Group 1,Transit,8.571428571428571,40195.71428571428,ACTION,3767.999999999998,GravityBasedInstallation,,,,3.0,0.0,,,,
2344,,Towing Group 1,Tow Substructure,20.0,93790.0,ACTION,3787.999999999998,GravityBasedInstallation,,,,3.0,0.0,,,,
2345,,Multi-Purpose AHTS Vessel,Delay: Not enough vessels for gravity foundations,28.57142857142844,127603.57142857085,ACTION,3787.999999999998,GravityBasedInstallation,,,,,,Site,,,
2347,,Multi-Purpose AHTS Vessel,Position Substructure,5.0,22330.625,ACTION,3792.999999999998,GravityBasedInstallation,,,,,,,,,
2350,,Multi-Purpose AHTS Vessel,ROV Survey,1.0,4466.125,ACTION,3793.999999999998,GravityBasedInstallation,,,,,,,,,
2370,,Multi-Purpose AHTS Vessel,Delay,74.0,330493.25,ACTION,3867.999999999998,GravityBasedInstallation,,,,,,,,,
2378,,Multi-Purpose AHTS Vessel,Pump Ballast,12.0,53593.5,ACTION,3879.999999999998,GravityBasedInstallation,,,,,,,,,
2382,,Multi-Purpose AHTS Vessel,Grout GBF,6.0,26796.75,ACTION,3885.999999999998,GravityBasedInstallation,,,,,,,,,
2383,,Towing Group 1,Positioning Support,98.0,153190.33333333334,ACTION,3885.999999999998,GravityBasedInstallation,,,,1.0,,site,,,
2387,,Towing Group 1,Transit,8.571428571428571,40195.71428571428,ACTION,3894.5714285714266,GravityBasedInstallation,,,,3.0,0.0,,,,
2399,,Towing Group 1,Tow Substructure,20.0,93790.0,ACTION,3914.5714285714266,GravityBasedInstallation,,,,3.0,0.0,,,,
2400,,Multi-Purpose AHTS Vessel,Delay: Not enough vessels for gravity foundations,28.57142857142844,127603.57142857085,ACTION,3914.5714285714266,GravityBasedInstallation,,,,,,Site,,,
2403,,Multi-Purpose AHTS Vessel,Position Substructure,5.0,22330.625,ACTION,3919.5714285714266,GravityBasedInstallation,,,,,,,,,
2404,,Multi-Purpose AHTS Vessel,ROV Survey,1.0,4466.125,ACTION,3920.5714285714266,GravityBasedInstallation,,,,,,,,,
2408,,Multi-Purpose AHTS Vessel,Pump Ballast,12.0,53593.5,ACTION,3932.5714285714266,GravityBasedInstallation,,,,,,,,,
2412,,Multi-Purpose AHTS Vessel,Grout GBF,6.0,26796.75,ACTION,3938.5714285714266,GravityBasedInstallation,,,,,,,,,
2413,,Towing Group 1,Positioning Support,24.0,37516.0,ACTION,3938.5714285714266,GravityBasedInstallation,,,,1.0,,site,,,
2418,,Towing Group 1,Transit,8.571428571428571,40195.71428571428,ACTION,3947.142857142855,GravityBasedInstallation,,,,3.0,0.0,,,,
2419,,Multi-Purpose AHTS Vessel,Transit,8.571428571428571,38281.07142857143,ACTION,3947.142857142855,GravityBasedInstallation,,,,,,,,,
